State,Year,Month,Week,AverageTemperature
Alabama,2016,1,53,44.565887451171900
Alabama,2016,1,1,45.227760314941400
Alabama,2016,1,2,43.4753303527832
Alabama,2016,1,3,39.24388885498050
Alabama,2016,1,4,48.0059814453125
Alabama,2016,2,5,51.41553497314450
Alabama,2016,2,6,41.59090042114260
Alabama,2016,2,7,52.270652770996100
Alabama,2016,2,8,51.5689582824707
Alabama,2016,3,9,52.41495895385740
Alabama,2016,3,10,63.452430725097700
Alabama,2016,3,11,63.29411697387700
Alabama,2016,3,12,56.70292282104490
Alabama,2016,4,13,61.249176025390600
Alabama,2016,4,14,58.48369598388670
Alabama,2016,4,15,61.3303108215332
Alabama,2016,4,16,65.09334564208980
Alabama,2016,5,17,71.20982360839840
Alabama,2016,5,18,65.26319885253910
Alabama,2016,5,19,71.09577941894530
Alabama,2016,5,20,70.02433776855470
Alabama,2016,5,21,75.03471374511720
Alabama,2016,6,22,79.124755859375
Alabama,2016,6,23,78.57774353027340
Alabama,2016,6,24,80.3598403930664
Alabama,2016,6,25,82.06629180908200
Alabama,2016,7,26,82.07073974609380
Alabama,2016,7,27,83.64480590820310
Alabama,2016,7,28,80.89537048339840
Alabama,2016,7,29,83.58086395263670
Alabama,2016,7,30,82.04849243164060
Alabama,2016,8,31,82.81539154052730
Alabama,2016,8,32,79.68110656738280
Alabama,2016,8,33,80.64141845703130
Alabama,2016,8,34,81.2470932006836
Alabama,2016,9,35,81.62299346923830
Alabama,2016,9,36,80.66184997558590
Alabama,2016,9,37,79.59425354003910
Alabama,2016,9,38,80.37505340576170
Alabama,2016,10,39,73.59451293945310
Alabama,2016,10,40,74.85343933105470
Alabama,2016,10,41,70.54827880859380
Alabama,2016,10,42,70.32904815673830
Alabama,2016,10,43,69.57219696044920
Alabama,2016,11,44,70.5013656616211
Alabama,2016,11,45,61.266700744628900
Alabama,2016,11,46,59.187644958496100
Alabama,2016,11,47,54.80503463745120
Alabama,2016,12,48,56.53340530395510
Alabama,2016,12,49,47.51934051513670
Alabama,2016,12,50,53.471405029296900
Alabama,2016,12,51,50.112937927246100
Alabama,2016,1,52,57.127105712890600
Alabama,2017,1,52,55.20477294921880
Alabama,2017,1,1,46.69042205810550
Alabama,2017,1,2,54.66649627685550
Alabama,2017,1,3,63.15618133544920
Alabama,2017,1,4,49.95259475708010
Alabama,2017,2,5,50.644676208496100
Alabama,2017,2,6,57.16852569580080
Alabama,2017,2,7,54.37404251098630
Alabama,2017,2,8,60.153236389160200
Alabama,2017,3,9,55.84708786010740
Alabama,2017,3,10,58.14411163330080
Alabama,2017,3,11,48.14973831176760
Alabama,2017,3,12,64.30799102783200
Alabama,2017,4,13,66.82676696777340
Alabama,2017,4,14,62.14247512817380
Alabama,2017,4,15,68.0569076538086
Alabama,2017,4,16,71.08880615234380
Alabama,2017,4,17,70.34783172607420
Alabama,2017,5,18,63.84865188598630
Alabama,2017,5,19,70.41709899902340
Alabama,2017,5,20,76.22721862792970
Alabama,2017,5,21,71.10424041748050
Alabama,2017,6,22,74.52774810791020
Alabama,2017,6,23,73.49772644042970
Alabama,2017,6,24,77.16819763183590
Alabama,2017,6,25,76.28572082519530
Alabama,2017,7,26,76.1046142578125
Alabama,2017,7,27,79.9089584350586
Alabama,2017,7,28,79.71741485595700
Alabama,2017,7,29,81.62705993652340
Alabama,2017,7,30,80.57775115966800
Alabama,2017,8,31,77.93191528320310
Alabama,2017,8,32,77.82501983642580
Alabama,2017,8,33,80.65147399902340
Alabama,2017,8,34,80.52166748046880
Alabama,2017,9,35,75.36968231201170
Alabama,2017,9,36,71.75814819335940
Alabama,2017,9,37,69.3631820678711
Alabama,2017,9,38,77.38419342041020
Alabama,2017,10,39,76.85745239257810
Alabama,2017,10,40,73.64048767089840
Alabama,2017,10,41,75.31486511230470
Alabama,2017,10,42,65.2312240600586
Alabama,2017,10,43,57.47086715698240
Alabama,2017,11,44,61.79706573486330
Alabama,2017,11,45,60.65739822387700
Alabama,2017,11,46,56.06285858154300
Alabama,2017,11,47,50.50168991088870
Alabama,2017,12,48,56.56257247924810
Alabama,2017,12,49,46.89487838745120
Alabama,2017,12,50,43.9564208984375
Alabama,2017,12,51,58.967811584472700
Alabama,2017,12,52,40.386634826660200
Alabama,2018,1,1,30.13507080078130
Alabama,2018,1,2,47.26165771484380
Alabama,2018,1,3,35.491676330566400
Alabama,2018,1,4,49.89617919921880
Alabama,2018,2,5,46.05541229248050
Alabama,2018,2,6,53.067161560058600
Alabama,2018,2,7,60.081878662109400
Alabama,2018,2,8,67.64134979248050
Alabama,2018,3,9,58.08148956298830
Alabama,2018,3,10,52.307456970214800
Alabama,2018,3,11,52.57920455932620
Alabama,2018,3,12,57.01921844482420
Alabama,2018,4,13,60.37049102783200
Alabama,2018,4,14,58.77406692504880
Alabama,2018,4,15,61.19215774536130
Alabama,2018,4,16,58.37559127807620
Alabama,2018,4,17,61.83595657348630
Alabama,2018,5,18,68.5879898071289
Alabama,2018,5,19,74.34850311279300
Alabama,2018,5,20,76.2278823852539
Alabama,2018,5,21,74.69347381591800
Alabama,2018,6,22,76.26441192626950
Alabama,2018,6,23,77.26652526855470
Alabama,2018,6,24,77.34090423583980
Alabama,2018,6,25,80.40757751464840
Alabama,2018,7,26,81.27510833740230
Alabama,2018,7,27,79.62699890136720
Alabama,2018,7,28,81.4382553100586
Alabama,2018,7,29,80.81500244140630
Alabama,2018,7,30,80.24992370605470
Alabama,2018,8,31,77.82490539550780
Alabama,2018,8,32,80.58253479003910
Alabama,2018,8,33,79.70730590820310
Alabama,2018,8,34,77.78321838378910
Alabama,2018,9,35,79.01923370361330
Alabama,2018,9,36,79.09146881103520
Alabama,2018,9,37,79.15886688232420
Alabama,2018,9,38,80.93519592285160
Alabama,2018,9,39,75.38676452636720
Alabama,2018,10,40,77.40660095214840
Alabama,2018,10,41,72.36711883544920
Alabama,2018,10,42,67.67655944824220
Alabama,2018,10,43,59.134033203125
Alabama,2018,11,44,62.08649826049810
Alabama,2018,11,45,58.864097595214800
Alabama,2018,11,46,47.41986083984380
Alabama,2018,11,47,50.910491943359400
Alabama,2018,12,48,51.4437141418457
Alabama,2018,12,49,45.58415603637700
Alabama,2018,12,50,47.53087615966800
Alabama,2018,12,51,48.7705192565918
Alabama,2018,12,52,53.436744689941400
Alabama,2018,1,1,63.59398651123050
Alabama,2019,1,1,55.58100128173830
Alabama,2019,1,2,49.23518753051760
Alabama,2019,1,3,46.7997932434082
Alabama,2019,1,4,42.67942428588870
Alabama,2019,2,5,44.82857131958010
Alabama,2019,2,6,57.33848190307620
Alabama,2019,2,7,55.67707443237310
Alabama,2019,2,8,59.01274490356450
Alabama,2019,3,9,57.097442626953100
Alabama,2019,3,10,48.77661895751950
Alabama,2019,3,11,59.12079620361330
Alabama,2019,3,12,52.582008361816400
Alabama,2019,3,13,58.10181427001950
Alabama,2019,4,14,59.2251091003418
Alabama,2019,4,15,68.7314682006836
Alabama,2019,4,16,59.99272537231450
Alabama,2019,4,17,65.5728988647461
Alabama,2019,5,18,71.88251495361330
Alabama,2019,5,19,71.8177490234375
Alabama,2019,5,20,70.82633972167970
Alabama,2019,5,21,79.5464096069336
Alabama,2019,6,22,81.58854675292970
Alabama,2019,6,23,78.144775390625
Alabama,2019,6,24,75.0149917602539
Alabama,2019,6,25,79.66780853271480
Alabama,2019,6,26,80.17971801757810
Alabama,2019,7,27,82.9778823852539
Alabama,2019,7,28,81.91654968261720
Alabama,2019,7,29,80.49414825439450
Alabama,2019,7,30,77.82150268554690
Alabama,2019,8,31,79.86446380615230
Alabama,2019,8,32,81.65924835205080
Alabama,2019,8,33,84.49635314941410
Alabama,2019,8,34,81.08081817626950
Alabama,2019,9,35,77.49493408203130
Alabama,2019,9,36,82.17933654785160
Alabama,2019,9,37,83.317138671875
Alabama,2019,9,38,81.19562530517580
Alabama,2019,9,39,81.5046157836914
Alabama,2019,10,40,83.39376831054690
Alabama,2019,10,41,73.03404235839840
Alabama,2019,10,42,64.20669555664060
Alabama,2019,10,43,64.68657684326170
Alabama,2019,11,44,57.27311325073240
Alabama,2019,11,45,55.428070068359400
Alabama,2019,11,46,45.66331100463870
Alabama,2019,11,47,53.82807540893560
Alabama,2019,12,48,56.78609085083010
Alabama,2019,12,49,49.199317932128900
Alabama,2019,12,50,51.55000686645510
Alabama,2019,12,51,48.114524841308600
Alabama,2019,12,52,58.277923583984400
Alabama,2019,1,1,53.3652229309082
Alabama,2020,1,1,52.48247146606450
Alabama,2020,1,2,54.360694885253900
Alabama,2020,1,3,59.774208068847700
Alabama,2020,1,4,41.038124084472700
Alabama,2020,2,5,48.160614013671900
Alabama,2020,2,6,53.846588134765600
Alabama,2020,2,7,54.43671798706060
Alabama,2020,2,8,50.110740661621100
Alabama,2020,3,9,49.34592819213870
Alabama,2020,3,10,54.91533660888670
Alabama,2020,3,11,62.7649040222168
Alabama,2020,3,12,65.46935272216800
Alabama,2020,3,13,69.36554718017580
Alabama,2020,4,14,62.055023193359400
Alabama,2020,4,15,66.28970336914060
Alabama,2020,4,16,60.48221969604490
Alabama,2020,4,17,64.17615509033200
Alabama,2020,5,18,63.7613639831543
Alabama,2020,5,19,64.41230773925780
Alabama,2020,5,20,69.56560516357420
Alabama,2020,5,21,72.30087280273440
Alabama,2020,5,22,74.16695404052730
Alabama,2020,6,23,77.40616607666020
Alabama,2020,6,24,77.08289337158200
Alabama,2020,6,25,76.48237609863280
Alabama,2020,6,26,76.83421325683590
Alabama,2020,7,27,80.21075439453130
Alabama,2020,7,28,79.5400390625
Alabama,2020,7,29,82.3022232055664
Alabama,2020,7,30,81.85667419433590
Alabama,2020,8,31,80.28705596923830
Alabama,2020,8,32,81.51241302490230
Alabama,2020,8,33,81.67561340332030
Alabama,2020,8,34,78.55313873291020
Alabama,2020,8,35,78.93128967285160
Alabama,2020,9,36,79.99992370605470
Alabama,2020,9,37,79.15946960449220
Alabama,2020,9,38,74.00358581542970
Alabama,2020,9,39,69.25694274902340
Alabama,2020,10,40,64.62505340576170
Alabama,2020,10,41,70.55937194824220
Alabama,2020,10,42,66.90438842773440
Alabama,2020,10,43,70.02851867675780
Alabama,2020,11,44,65.29060363769530
Alabama,2020,11,45,58.98835372924810
Alabama,2020,11,46,67.01557159423830
Alabama,2020,11,47,55.947723388671900
Alabama,2020,11,48,58.66255569458010
Alabama,2020,12,49,44.905311584472700
Alabama,2020,12,50,50.57408905029300
Alabama,2020,12,51,45.07828903198240
Alabama,2020,12,52,44.2442626953125
Alabama,2020,1,53,52.956748962402300
Florida,2016,1,53,62.612525939941400
Florida,2016,1,1,58.79169845581060
Florida,2016,1,2,55.78166580200200
Florida,2016,1,3,50.47092819213870
Florida,2016,1,4,57.056190490722700
Florida,2016,2,5,60.777259826660200
Florida,2016,2,6,52.29438400268560
Florida,2016,2,7,60.24689483642580
Florida,2016,2,8,59.333984375
Florida,2016,3,9,61.92934036254880
Florida,2016,3,10,68.69977569580080
Florida,2016,3,11,71.36033630371090
Florida,2016,3,12,65.34086608886720
Florida,2016,4,13,70.76213073730470
Florida,2016,4,14,66.54458618164060
Florida,2016,4,15,69.13801574707030
Florida,2016,4,16,69.89102172851560
Florida,2016,5,17,75.62660217285160
Florida,2016,5,18,72.01786804199220
Florida,2016,5,19,76.28753662109380
Florida,2016,5,20,77.00444793701170
Florida,2016,5,21,76.70649719238280
Florida,2016,6,22,80.97749328613280
Florida,2016,6,23,79.84693908691410
Florida,2016,6,24,80.9520034790039
Florida,2016,6,25,80.67393493652340
Florida,2016,7,26,81.1152572631836
Florida,2016,7,27,84.0409164428711
Florida,2016,7,28,82.85643005371090
Florida,2016,7,29,82.21174621582030
Florida,2016,7,30,83.25566864013670
Florida,2016,8,31,81.07142639160160
Florida,2016,8,32,79.76586151123050
Florida,2016,8,33,81.24896240234380
Florida,2016,8,34,81.76844787597660
Florida,2016,9,35,79.13008117675780
Florida,2016,9,36,78.47782897949220
Florida,2016,9,37,79.12969970703130
Florida,2016,9,38,79.16875457763670
Florida,2016,10,39,76.55345916748050
Florida,2016,10,40,77.18144226074220
Florida,2016,10,41,73.50931549072270
Florida,2016,10,42,72.03681945800780
Florida,2016,10,43,71.46321868896480
Florida,2016,11,44,72.24654388427730
Florida,2016,11,45,67.40635681152340
Florida,2016,11,46,64.2945327758789
Florida,2016,11,47,63.3550910949707
Florida,2016,12,48,67.84223937988280
Florida,2016,12,49,63.68550491333010
Florida,2016,12,50,67.44859313964840
Florida,2016,12,51,65.14794921875
Florida,2016,1,52,65.45155334472660
Florida,2017,1,52,64.6724624633789
Florida,2017,1,1,62.41306686401370
Florida,2017,1,2,60.67140579223630
Florida,2017,1,3,68.35315704345700
Florida,2017,1,4,60.15977096557620
Florida,2017,2,5,59.489990234375
Florida,2017,2,6,65.19661712646480
Florida,2017,2,7,64.60572052001950
Florida,2017,2,8,66.96563720703130
Florida,2017,3,9,66.35781860351560
Florida,2017,3,10,67.57103729248050
Florida,2017,3,11,57.98469924926760
Florida,2017,3,12,67.64541625976560
Florida,2017,4,13,72.58833312988280
Florida,2017,4,14,70.45594024658200
Florida,2017,4,15,70.98174285888670
Florida,2017,4,16,73.98974609375
Florida,2017,4,17,75.33672332763670
Florida,2017,5,18,72.99098205566410
Florida,2017,5,19,76.00963592529300
Florida,2017,5,20,79.29933166503910
Florida,2017,5,21,76.70738220214840
Florida,2017,6,22,79.59903717041020
Florida,2017,6,23,76.30818939208980
Florida,2017,6,24,77.72773742675780
Florida,2017,6,25,79.81744384765630
Florida,2017,7,26,79.81980895996090
Florida,2017,7,27,81.84288024902340
Florida,2017,7,28,80.58253479003910
Florida,2017,7,29,80.00575256347660
Florida,2017,7,30,81.00028991699220
Florida,2017,8,31,79.28059387207030
Florida,2017,8,32,80.95864868164060
Florida,2017,8,33,81.73186492919920
Florida,2017,8,34,80.58401489257810
Florida,2017,9,35,79.40501403808590
Florida,2017,9,36,77.7358627319336
Florida,2017,9,37,76.89392852783200
Florida,2017,9,38,77.85193634033200
Florida,2017,10,39,78.36515808105470
Florida,2017,10,40,77.07503509521480
Florida,2017,10,41,78.13664245605470
Florida,2017,10,42,74.09416961669920
Florida,2017,10,43,66.75645446777340
Florida,2017,11,44,65.01171875
Florida,2017,11,45,69.86360931396480
Florida,2017,11,46,65.34120178222660
Florida,2017,11,47,63.58734130859380
Florida,2017,12,48,66.30513763427730
Florida,2017,12,49,61.13975143432620
Florida,2017,12,50,54.845741271972700
Florida,2017,12,51,68.20159912109380
Florida,2017,12,52,57.065086364746100
Florida,2018,1,1,44.32951736450200
Florida,2018,1,2,59.78046798706060
Florida,2018,1,3,48.92932891845700
Florida,2018,1,4,61.59952926635740
Florida,2018,2,5,58.14037322998050
Florida,2018,2,6,65.9892807006836
Florida,2018,2,7,69.01695251464840
Florida,2018,2,8,72.18963623046880
Florida,2018,3,9,67.75978088378910
Florida,2018,3,10,59.596229553222700
Florida,2018,3,11,59.564422607421900
Florida,2018,3,12,64.10199737548830
Florida,2018,4,13,68.35887145996090
Florida,2018,4,14,69.95600891113280
Florida,2018,4,15,69.6009292602539
Florida,2018,4,16,67.5383529663086
Florida,2018,4,17,70.5112533569336
Florida,2018,5,18,73.77408599853520
Florida,2018,5,19,77.07179260253910
Florida,2018,5,20,74.7365951538086
Florida,2018,5,21,75.3012924194336
Florida,2018,6,22,77.41605377197270
Florida,2018,6,23,78.00601959228520
Florida,2018,6,24,78.56181335449220
Florida,2018,6,25,81.44979095458980
Florida,2018,7,26,80.2939224243164
Florida,2018,7,27,79.09262084960940
Florida,2018,7,28,80.86641693115230
Florida,2018,7,29,80.69569396972660
Florida,2018,7,30,80.06705474853520
Florida,2018,8,31,78.85421752929690
Florida,2018,8,32,80.34791564941410
Florida,2018,8,33,80.10198974609380
Florida,2018,8,34,79.85562133789060
Florida,2018,9,35,78.99127197265630
Florida,2018,9,36,78.35933685302730
Florida,2018,9,37,80.52897644042970
Florida,2018,9,38,80.76166534423830
Florida,2018,9,39,79.75691223144530
Florida,2018,10,40,78.26969146728520
Florida,2018,10,41,77.10804748535160
Florida,2018,10,42,77.83463287353520
Florida,2018,10,43,70.32212829589840
Florida,2018,11,44,68.94861602783200
Florida,2018,11,45,72.52406311035160
Florida,2018,11,46,64.6384048461914
Florida,2018,11,47,64.65219116210940
Florida,2018,12,48,60.146148681640600
Florida,2018,12,49,60.66107940673830
Florida,2018,12,50,58.63465118408200
Florida,2018,12,51,57.055198669433600
Florida,2018,12,52,64.38841247558590
Florida,2018,1,1,70.93961334228520
Florida,2019,1,1,66.42263793945310
Florida,2019,1,2,59.2317008972168
Florida,2019,1,3,57.02031707763670
Florida,2019,1,4,55.184173583984400
Florida,2019,2,5,54.3034553527832
Florida,2019,2,6,64.04332733154300
Florida,2019,2,7,64.14863586425780
Florida,2019,2,8,71.5729751586914
Florida,2019,3,9,67.01095581054690
Florida,2019,3,10,60.6126823425293
Florida,2019,3,11,68.90098571777340
Florida,2019,3,12,61.09712600708010
Florida,2019,3,13,65.92880249023440
Florida,2019,4,14,67.76219940185550
Florida,2019,4,15,74.05506134033200
Florida,2019,4,16,69.34477996826170
Florida,2019,4,17,71.0511245727539
Florida,2019,5,18,75.822265625
Florida,2019,5,19,77.01725006103520
Florida,2019,5,20,75.6247329711914
Florida,2019,5,21,80.5114517211914
Florida,2019,6,22,83.60865783691410
Florida,2019,6,23,81.60969543457030
Florida,2019,6,24,78.30962371826170
Florida,2019,6,25,80.74298858642580
Florida,2019,6,26,82.2798080444336
Florida,2019,7,27,82.56507110595700
Florida,2019,7,28,80.57890319824220
Florida,2019,7,29,81.69171142578130
Florida,2019,7,30,78.95529174804690
Florida,2019,8,31,79.91654205322270
Florida,2019,8,32,81.50576782226560
Florida,2019,8,33,80.95106506347660
Florida,2019,8,34,80.24656677246090
Florida,2019,9,35,80.35692596435550
Florida,2019,9,36,81.96724700927730
Florida,2019,9,37,81.7370834350586
Florida,2019,9,38,79.65259552001950
Florida,2019,9,39,79.8160171508789
Florida,2019,10,40,80.45020294189450
Florida,2019,10,41,76.54966735839840
Florida,2019,10,42,74.8842544555664
Florida,2019,10,43,74.99104309082030
Florida,2019,11,44,72.34580993652340
Florida,2019,11,45,69.81208801269530
Florida,2019,11,46,61.585411071777300
Florida,2019,11,47,62.05106735229490
Florida,2019,12,48,63.58475875854490
Florida,2019,12,49,58.577796936035200
Florida,2019,12,50,65.91726684570310
Florida,2019,12,51,61.92582321166990
Florida,2019,12,52,66.24037170410160
Florida,2019,1,1,66.47652435302730
Florida,2020,1,1,63.38678741455080
Florida,2020,1,2,61.94873046875
Florida,2020,1,3,69.03260803222660
Florida,2020,1,4,54.2515983581543
Florida,2020,2,5,57.744590759277300
Florida,2020,2,6,61.340087890625
Florida,2020,2,7,67.28369140625
Florida,2020,2,8,63.414085388183600
Florida,2020,3,9,59.440330505371100
Florida,2020,3,10,64.90454864501950
Florida,2020,3,11,68.63127136230470
Florida,2020,3,12,73.41642761230470
Florida,2020,3,13,75.54178619384770
Florida,2020,4,14,71.14488983154300
Florida,2020,4,15,74.17311096191410
Florida,2020,4,16,73.99128723144530
Florida,2020,4,17,75.03306579589840
Florida,2020,5,18,70.47582244873050
Florida,2020,5,19,72.73703002929690
Florida,2020,5,20,74.37141418457030
Florida,2020,5,21,77.96377563476560
Florida,2020,5,22,77.5886459350586
Florida,2020,6,23,77.68340301513670
Florida,2020,6,24,79.09954071044920
Florida,2020,6,25,77.60589599609380
Florida,2020,6,26,82.09111785888670
Florida,2020,7,27,82.02564239501950
Florida,2020,7,28,81.25572204589840
Florida,2020,7,29,82.35858154296880
Florida,2020,7,30,81.09295654296880
Florida,2020,8,31,81.57915496826170
Florida,2020,8,32,82.40950012207030
Florida,2020,8,33,81.42539978027340
Florida,2020,8,34,79.85874938964840
Florida,2020,8,35,81.59843444824220
Florida,2020,9,36,82.10386657714840
Florida,2020,9,37,79.2216567993164
Florida,2020,9,38,78.14900207519530
Florida,2020,9,39,76.20134735107420
Florida,2020,10,40,72.10921478271480
Florida,2020,10,41,77.31816101074220
Florida,2020,10,42,75.53942108154300
Florida,2020,10,43,75.43571472167970
Florida,2020,11,44,74.63821411132810
Florida,2020,11,45,68.68933868408200
Florida,2020,11,46,74.4597396850586
Florida,2020,11,47,66.71992492675780
Florida,2020,11,48,68.6139144897461
Florida,2020,12,49,57.65697479248050
Florida,2020,12,50,57.220489501953100
Florida,2020,12,51,59.019004821777300
Florida,2020,12,52,54.450836181640600
Florida,2020,1,53,61.217864990234400
Georgia,2016,1,53,50.097007751464800
Georgia,2016,1,1,45.75252151489260
Georgia,2016,1,2,44.2991943359375
Georgia,2016,1,3,38.689796447753900
Georgia,2016,1,4,47.71039581298830
Georgia,2016,2,5,52.34102249145510
Georgia,2016,2,6,40.70512771606450
Georgia,2016,2,7,50.460601806640600
Georgia,2016,2,8,52.21330642700200
Georgia,2016,3,9,52.427101135253900
Georgia,2016,3,10,63.13926315307620
Georgia,2016,3,11,65.42848205566410
Georgia,2016,3,12,58.52918243408200
Georgia,2016,4,13,62.71343231201170
Georgia,2016,4,14,57.661643981933600
Georgia,2016,4,15,60.50946807861330
Georgia,2016,4,16,65.80136108398440
Georgia,2016,5,17,72.64491271972660
Georgia,2016,5,18,67.53208923339840
Georgia,2016,5,19,73.65850830078130
Georgia,2016,5,20,70.06938171386720
Georgia,2016,5,21,73.93711853027340
Georgia,2016,6,22,79.15074157714840
Georgia,2016,6,23,78.12895202636720
Georgia,2016,6,24,80.97161102294920
Georgia,2016,6,25,82.09957885742190
Georgia,2016,7,26,81.46841430664060
Georgia,2016,7,27,84.55123138427730
Georgia,2016,7,28,83.02495574951170
Georgia,2016,7,29,83.15283966064450
Georgia,2016,7,30,85.23902893066410
Georgia,2016,8,31,81.24352264404300
Georgia,2016,8,32,80.21405029296880
Georgia,2016,8,33,81.92072296142580
Georgia,2016,8,34,81.54669189453130
Georgia,2016,9,35,78.64058685302730
Georgia,2016,9,36,78.79505920410160
Georgia,2016,9,37,78.09748077392580
Georgia,2016,9,38,78.21607971191410
Georgia,2016,10,39,74.11103820800780
Georgia,2016,10,40,73.05980682373050
Georgia,2016,10,41,67.42420959472660
Georgia,2016,10,42,69.03414154052730
Georgia,2016,10,43,67.54324340820310
Georgia,2016,11,44,68.40819549560550
Georgia,2016,11,45,59.396881103515600
Georgia,2016,11,46,57.198020935058600
Georgia,2016,11,47,55.52886962890630
Georgia,2016,12,48,58.07039260864260
Georgia,2016,12,49,49.995933532714800
Georgia,2016,12,50,53.83878707885740
Georgia,2016,12,51,51.29798126220700
Georgia,2016,1,52,55.90998458862310
Georgia,2017,1,52,51.01513671875
Georgia,2017,1,1,49.79900360107420
Georgia,2017,1,2,51.99022674560550
Georgia,2017,1,3,62.499366760253900
Georgia,2017,1,4,51.09918212890630
Georgia,2017,2,5,51.10231399536130
Georgia,2017,2,6,56.00693893432620
Georgia,2017,2,7,55.26250457763670
Georgia,2017,2,8,61.133872985839800
Georgia,2017,3,9,56.46940994262700
Georgia,2017,3,10,58.79801559448240
Georgia,2017,3,11,47.03154754638670
Georgia,2017,3,12,62.58906936645510
Georgia,2017,4,13,68.53508758544920
Georgia,2017,4,14,62.90909957885740
Georgia,2017,4,15,67.97676086425780
Georgia,2017,4,16,72.10311889648440
Georgia,2017,4,17,71.01162719726560
Georgia,2017,5,18,66.49877166748050
Georgia,2017,5,19,72.11872100830080
Georgia,2017,5,20,77.03103637695310
Georgia,2017,5,21,71.17147827148440
Georgia,2017,6,22,76.55158996582030
Georgia,2017,6,23,73.54644775390630
Georgia,2017,6,24,77.63578033447270
Georgia,2017,6,25,77.44642639160160
Georgia,2017,7,26,77.0788803100586
Georgia,2017,7,27,81.3154296875
Georgia,2017,7,28,80.73985290527340
Georgia,2017,7,29,80.9750747680664
Georgia,2017,7,30,80.03733825683590
Georgia,2017,8,31,77.27098083496090
Georgia,2017,8,32,78.23403930664060
Georgia,2017,8,33,81.61013793945310
Georgia,2017,8,34,80.64048767089840
Georgia,2017,9,35,75.92828369140630
Georgia,2017,9,36,72.4854965209961
Georgia,2017,9,37,70.42259216308590
Georgia,2017,9,38,75.91108703613280
Georgia,2017,10,39,76.035400390625
Georgia,2017,10,40,72.78684997558590
Georgia,2017,10,41,75.86061096191410
Georgia,2017,10,42,65.52790832519530
Georgia,2017,10,43,59.7219123840332
Georgia,2017,11,44,60.949195861816400
Georgia,2017,11,45,60.70568084716800
Georgia,2017,11,46,54.69791793823240
Georgia,2017,11,47,53.372581481933600
Georgia,2017,12,48,57.89823532104490
Georgia,2017,12,49,49.17443084716800
Georgia,2017,12,50,44.283592224121100
Georgia,2017,12,51,59.416656494140600
Georgia,2017,12,52,42.1964111328125
Georgia,2018,1,1,30.54546546936040
Georgia,2018,1,2,48.80902862548830
Georgia,2018,1,3,37.54974365234380
Georgia,2018,1,4,51.3052864074707
Georgia,2018,2,5,46.291893005371100
Georgia,2018,2,6,54.6624870300293
Georgia,2018,2,7,61.68220138549810
Georgia,2018,2,8,67.01392364501950
Georgia,2018,3,9,57.444061279296900
Georgia,2018,3,10,50.36128616333010
Georgia,2018,3,11,52.3544807434082
Georgia,2018,3,12,55.7360725402832
Georgia,2018,4,13,59.08190155029300
Georgia,2018,4,14,61.00115966796880
Georgia,2018,4,15,61.077239990234400
Georgia,2018,4,16,59.63325119018560
Georgia,2018,4,17,63.00896453857420
Georgia,2018,5,18,69.08182525634770
Georgia,2018,5,19,74.98917388916020
Georgia,2018,5,20,73.91663360595700
Georgia,2018,5,21,73.31452941894530
Georgia,2018,6,22,75.50965118408200
Georgia,2018,6,23,76.90469360351560
Georgia,2018,6,24,77.45208740234380
Georgia,2018,6,25,81.7052230834961
Georgia,2018,7,26,80.64097595214840
Georgia,2018,7,27,79.45714569091800
Georgia,2018,7,28,81.30559539794920
Georgia,2018,7,29,79.43363952636720
Georgia,2018,7,30,78.95079040527340
Georgia,2018,8,31,76.70216369628910
Georgia,2018,8,32,80.03250122070310
Georgia,2018,8,33,79.38079071044920
Georgia,2018,8,34,77.9142837524414
Georgia,2018,9,35,79.44660186767580
Georgia,2018,9,36,80.00410461425780
Georgia,2018,9,37,80.13127136230470
Georgia,2018,9,38,80.21427154541020
Georgia,2018,9,39,77.2854232788086
Georgia,2018,10,40,77.07734680175780
Georgia,2018,10,41,72.46858215332030
Georgia,2018,10,42,69.68739318847660
Georgia,2018,10,43,59.13507843017580
Georgia,2018,11,44,60.994789123535200
Georgia,2018,11,45,62.14643096923830
Georgia,2018,11,46,50.53706741333010
Georgia,2018,11,47,51.934417724609400
Georgia,2018,12,48,50.22966766357420
Georgia,2018,12,49,46.75249481201170
Georgia,2018,12,50,47.6982536315918
Georgia,2018,12,51,49.2474365234375
Georgia,2018,12,52,53.51238250732420
Georgia,2018,1,1,62.756500244140600
Georgia,2019,1,1,58.76483917236330
Georgia,2019,1,2,48.78430938720700
Georgia,2019,1,3,48.21521759033200
Georgia,2019,1,4,43.76399612426760
Georgia,2019,2,5,44.459922790527300
Georgia,2019,2,6,57.136497497558600
Georgia,2019,2,7,54.86908721923830
Georgia,2019,2,8,58.532859802246100
Georgia,2019,3,9,58.2574348449707
Georgia,2019,3,10,49.78076934814450
Georgia,2019,3,11,59.50333786010740
Georgia,2019,3,12,52.420616149902300
Georgia,2019,3,13,58.720619201660200
Georgia,2019,4,14,58.74671173095700
Georgia,2019,4,15,69.4315185546875
Georgia,2019,4,16,61.74053955078130
Georgia,2019,4,17,67.00431060791020
Georgia,2019,5,18,73.52562713623050
Georgia,2019,5,19,73.58165740966800
Georgia,2019,5,20,71.86493682861330
Georgia,2019,5,21,81.12454223632810
Georgia,2019,6,22,83.55438995361330
Georgia,2019,6,23,78.19267272949220
Georgia,2019,6,24,73.90015411376950
Georgia,2019,6,25,79.12442779541020
Georgia,2019,6,26,80.63499450683590
Georgia,2019,7,27,82.85670471191410
Georgia,2019,7,28,80.61060333251950
Georgia,2019,7,29,82.51233673095700
Georgia,2019,7,30,78.35565948486330
Georgia,2019,8,31,80.15477752685550
Georgia,2019,8,32,82.06398010253910
Georgia,2019,8,33,83.21897888183590
Georgia,2019,8,34,79.5530014038086
Georgia,2019,9,35,77.38139343261720
Georgia,2019,9,36,81.55113983154300
Georgia,2019,9,37,82.17813110351560
Georgia,2019,9,38,78.20030975341800
Georgia,2019,9,39,80.9966049194336
Georgia,2019,10,40,81.25978088378910
Georgia,2019,10,41,72.7054443359375
Georgia,2019,10,42,65.86738586425780
Georgia,2019,10,43,66.78189086914060
Georgia,2019,11,44,61.288177490234400
Georgia,2019,11,45,57.14435577392580
Georgia,2019,11,46,47.59075164794920
Georgia,2019,11,47,54.12630081176760
Georgia,2019,12,48,55.550621032714800
Georgia,2019,12,49,49.238922119140600
Georgia,2019,12,50,52.4937858581543
Georgia,2019,12,51,48.90669631958010
Georgia,2019,12,52,57.46131134033200
Georgia,2019,1,1,57.51668167114260
Georgia,2020,1,1,53.12247848510740
Georgia,2020,1,2,54.446441650390600
Georgia,2020,1,3,60.214263916015600
Georgia,2020,1,4,42.5501708984375
Georgia,2020,2,5,47.029571533203100
Georgia,2020,2,6,53.8088493347168
Georgia,2020,2,7,56.09999465942380
Georgia,2020,2,8,49.4813346862793
Georgia,2020,3,9,49.64019775390630
Georgia,2020,3,10,53.8088493347168
Georgia,2020,3,11,61.95207977294920
Georgia,2020,3,12,65.5203857421875
Georgia,2020,3,13,67.66508483886720
Georgia,2020,4,14,62.04315948486330
Georgia,2020,4,15,66.61275482177730
Georgia,2020,4,16,63.40617752075200
Georgia,2020,4,17,64.9664535522461
Georgia,2020,5,18,63.699729919433600
Georgia,2020,5,19,65.44677734375
Georgia,2020,5,20,69.11676025390630
Georgia,2020,5,21,72.80701446533200
Georgia,2020,5,22,74.58575439453130
Georgia,2020,6,23,76.85877227783200
Georgia,2020,6,24,77.61561584472660
Georgia,2020,6,25,74.16365814208980
Georgia,2020,6,26,79.49444580078130
Georgia,2020,7,27,81.69297790527340
Georgia,2020,7,28,79.66264343261720
Georgia,2020,7,29,83.52104187011720
Georgia,2020,7,30,82.71256256103520
Georgia,2020,8,31,81.75263214111330
Georgia,2020,8,32,81.68907165527340
Georgia,2020,8,33,80.2682113647461
Georgia,2020,8,34,77.69136810302730
Georgia,2020,8,35,79.21824645996090
Georgia,2020,9,36,80.9779281616211
Georgia,2020,9,37,77.90510559082030
Georgia,2020,9,38,72.69808197021480
Georgia,2020,9,39,68.5853500366211
Georgia,2020,10,40,65.22452545166020
Georgia,2020,10,41,70.64732360839840
Georgia,2020,10,42,68.9393310546875
Georgia,2020,10,43,70.05219268798830
Georgia,2020,11,44,67.58894348144530
Georgia,2020,11,45,59.97816848754880
Georgia,2020,11,46,68.69169616699220
Georgia,2020,11,47,55.94091033935550
Georgia,2020,11,48,59.905494689941400
Georgia,2020,12,49,46.89213180541990
Georgia,2020,12,50,50.205772399902300
Georgia,2020,12,51,46.8874626159668
Georgia,2020,12,52,44.41850662231450
Georgia,2020,1,53,50.043121337890600
Kentucky,2016,1,53,34.19215774536130
Kentucky,2016,1,1,36.53422164916990
Kentucky,2016,1,2,31.8358097076416
Kentucky,2016,1,3,22.168773651123000
Kentucky,2016,1,4,37.4085693359375
Kentucky,2016,2,5,42.922828674316400
Kentucky,2016,2,6,26.397796630859400
Kentucky,2016,2,7,41.64434814453130
Kentucky,2016,2,8,41.9548225402832
Kentucky,2016,3,9,41.396934509277300
Kentucky,2016,3,10,57.573150634765600
Kentucky,2016,3,11,53.56391143798830
Kentucky,2016,3,12,50.797332763671900
Kentucky,2016,4,13,52.493896484375
Kentucky,2016,4,14,46.13396453857420
Kentucky,2016,4,15,55.73250198364260
Kentucky,2016,4,16,63.01813888549810
Kentucky,2016,5,17,65.50824737548830
Kentucky,2016,5,18,58.36993408203130
Kentucky,2016,5,19,62.482391357421900
Kentucky,2016,5,20,56.7664794921875
Kentucky,2016,5,21,69.95089721679690
Kentucky,2016,6,22,72.57173919677730
Kentucky,2016,6,23,72.42622375488280
Kentucky,2016,6,24,78.13038635253910
Kentucky,2016,6,25,79.56668090820310
Kentucky,2016,7,26,74.39909362792970
Kentucky,2016,7,27,76.11807250976560
Kentucky,2016,7,28,77.69142150878910
Kentucky,2016,7,29,81.11695861816410
Kentucky,2016,7,30,78.36565399169920
Kentucky,2016,8,31,77.79029846191410
Kentucky,2016,8,32,79.17897033691410
Kentucky,2016,8,33,75.16890716552730
Kentucky,2016,8,34,76.5111083984375
Kentucky,2016,9,35,74.6860580444336
Kentucky,2016,9,36,77.23829650878910
Kentucky,2016,9,37,74.23628234863280
Kentucky,2016,9,38,74.98895263671880
Kentucky,2016,10,39,63.332679748535200
Kentucky,2016,10,40,66.64714050292970
Kentucky,2016,10,41,63.092735290527300
Kentucky,2016,10,42,64.3973617553711
Kentucky,2016,10,43,60.81428146362310
Kentucky,2016,11,44,62.330284118652300
Kentucky,2016,11,45,51.272544860839800
Kentucky,2016,11,46,50.88154220581060
Kentucky,2016,11,47,42.33247756958010
Kentucky,2016,12,48,45.30510330200200
Kentucky,2016,12,49,34.87297821044920
Kentucky,2016,12,50,33.51331329345700
Kentucky,2016,12,51,34.793052673339800
Kentucky,2016,1,52,44.146156311035200
Kentucky,2017,1,52,41.1558952331543
Kentucky,2017,1,1,31.262653350830100
Kentucky,2017,1,2,40.96044921875
Kentucky,2017,1,3,50.384193420410200
Kentucky,2017,1,4,40.698097229003900
Kentucky,2017,2,5,35.66410446166990
Kentucky,2017,2,6,46.21427536010740
Kentucky,2017,2,7,43.90330123901370
Kentucky,2017,2,8,53.64345169067380
Kentucky,2017,3,9,45.95906448364260
Kentucky,2017,3,10,47.02220916748050
Kentucky,2017,3,11,36.44886016845700
Kentucky,2017,3,12,53.43668746948240
Kentucky,2017,4,13,56.42804718017580
Kentucky,2017,4,14,54.64155960083010
Kentucky,2017,4,15,64.41510772705080
Kentucky,2017,4,16,61.740760803222700
Kentucky,2017,4,17,64.92662811279300
Kentucky,2017,5,18,56.42661666870120
Kentucky,2017,5,19,63.872161865234400
Kentucky,2017,5,20,72.35992431640630
Kentucky,2017,5,21,65.27171325683590
Kentucky,2017,6,22,70.63682556152340
Kentucky,2017,6,23,69.10819244384770
Kentucky,2017,6,24,77.79634094238280
Kentucky,2017,6,25,73.38555145263670
Kentucky,2017,7,26,72.5230712890625
Kentucky,2017,7,27,75.43389892578130
Kentucky,2017,7,28,78.52715301513670
Kentucky,2017,7,29,82.00032043457030
Kentucky,2017,7,30,77.12881469726560
Kentucky,2017,8,31,73.86400604248050
Kentucky,2017,8,32,72.5744857788086
Kentucky,2017,8,33,77.07476043701170
Kentucky,2017,8,34,73.71794128417970
Kentucky,2017,9,35,69.27139282226560
Kentucky,2017,9,36,65.5159912109375
Kentucky,2017,9,37,66.83297729492190
Kentucky,2017,9,38,74.7256088256836
Kentucky,2017,10,39,69.97764587402340
Kentucky,2017,10,40,69.93573760986330
Kentucky,2017,10,41,67.85899353027340
Kentucky,2017,10,42,59.004669189453100
Kentucky,2017,10,43,50.45433807373050
Kentucky,2017,11,44,54.246986389160200
Kentucky,2017,11,45,46.705970764160200
Kentucky,2017,11,46,45.467918395996100
Kentucky,2017,11,47,40.993080139160200
Kentucky,2017,12,48,47.18266677856450
Kentucky,2017,12,49,38.0392951965332
Kentucky,2017,12,50,35.18982696533200
Kentucky,2017,12,51,44.89833450317380
Kentucky,2017,12,52,22.961162567138700
Kentucky,2018,1,1,15.547809600830100
Kentucky,2018,1,2,35.35143280029300
Kentucky,2018,1,3,25.709997177124000
Kentucky,2018,1,4,42.08638381958010
Kentucky,2018,2,5,33.07869338989260
Kentucky,2018,2,6,33.854713439941400
Kentucky,2018,2,7,43.849525451660200
Kentucky,2018,2,8,56.27313995361330
Kentucky,2018,3,9,46.48393630981450
Kentucky,2018,3,10,39.730751037597700
Kentucky,2018,3,11,40.57444381713870
Kentucky,2018,3,12,40.745338439941400
Kentucky,2018,4,13,51.00640106201170
Kentucky,2018,4,14,43.6478157043457
Kentucky,2018,4,15,53.39603805541990
Kentucky,2018,4,16,47.74829864501950
Kentucky,2018,4,17,54.82624053955080
Kentucky,2018,5,18,64.50267028808590
Kentucky,2018,5,19,69.69914245605470
Kentucky,2018,5,20,73.03465270996090
Kentucky,2018,5,21,73.838134765625
Kentucky,2018,6,22,75.11963653564450
Kentucky,2018,6,23,73.91960144042970
Kentucky,2018,6,24,77.53250885009770
Kentucky,2018,6,25,77.26350402832030
Kentucky,2018,7,26,76.88063049316410
Kentucky,2018,7,27,79.8496322631836
Kentucky,2018,7,28,80.48294067382810
Kentucky,2018,7,29,77.00379180908200
Kentucky,2018,7,30,74.74571228027340
Kentucky,2018,8,31,75.00768280029300
Kentucky,2018,8,32,77.25505065917970
Kentucky,2018,8,33,75.67949676513670
Kentucky,2018,8,34,73.12347412109380
Kentucky,2018,9,35,78.606201171875
Kentucky,2018,9,36,77.3023452758789
Kentucky,2018,9,37,72.02154541015630
Kentucky,2018,9,38,74.42375946044920
Kentucky,2018,9,39,65.99796295166020
Kentucky,2018,10,40,74.05154418945310
Kentucky,2018,10,41,63.509559631347700
Kentucky,2018,10,42,50.916259765625
Kentucky,2018,10,43,49.46150588989260
Kentucky,2018,11,44,53.18757247924810
Kentucky,2018,11,45,45.19892120361330
Kentucky,2018,11,46,36.70450973510740
Kentucky,2018,11,47,42.90024948120120
Kentucky,2018,12,48,41.13013458251950
Kentucky,2018,12,49,34.819915771484400
Kentucky,2018,12,50,40.355873107910200
Kentucky,2018,12,51,39.98041534423830
Kentucky,2018,12,52,40.90606689453130
Kentucky,2018,1,1,48.40253448486330
Kentucky,2019,1,1,43.019508361816400
Kentucky,2019,1,2,38.8753547668457
Kentucky,2019,1,3,35.12835693359380
Kentucky,2019,1,4,29.701990127563500
Kentucky,2019,2,5,29.324939727783200
Kentucky,2019,2,6,43.26444625854490
Kentucky,2019,2,7,39.84989547729490
Kentucky,2019,2,8,41.28844451904300
Kentucky,2019,3,9,38.564002990722700
Kentucky,2019,3,10,32.78118133544920
Kentucky,2019,3,11,47.5993766784668
Kentucky,2019,3,12,43.5783805847168
Kentucky,2019,3,13,49.382347106933600
Kentucky,2019,4,14,50.98942947387700
Kentucky,2019,4,15,61.69340896606450
Kentucky,2019,4,16,54.56586456298830
Kentucky,2019,4,17,60.5940055847168
Kentucky,2019,5,18,65.1855239868164
Kentucky,2019,5,19,64.01168823242190
Kentucky,2019,5,20,64.60626983642580
Kentucky,2019,5,21,73.5043716430664
Kentucky,2019,6,22,74.16920471191410
Kentucky,2019,6,23,71.33857727050780
Kentucky,2019,6,24,68.05509948730470
Kentucky,2019,6,25,72.86007690429690
Kentucky,2019,6,26,76.52143859863280
Kentucky,2019,7,27,79.3091049194336
Kentucky,2019,7,28,79.43797302246090
Kentucky,2019,7,29,80.00651550292970
Kentucky,2019,7,30,73.4171371459961
Kentucky,2019,8,31,76.82037353515630
Kentucky,2019,8,32,78.3664779663086
Kentucky,2019,8,33,79.66545104980470
Kentucky,2019,8,34,77.34793853759770
Kentucky,2019,9,35,73.44300842285160
Kentucky,2019,9,36,74.66315460205080
Kentucky,2019,9,37,79.10668182373050
Kentucky,2019,9,38,78.14395141601560
Kentucky,2019,9,39,74.2158432006836
Kentucky,2019,10,40,76.34730529785160
Kentucky,2019,10,41,60.415367126464800
Kentucky,2019,10,42,55.50849151611330
Kentucky,2019,10,43,57.38786697387700
Kentucky,2019,11,44,48.83824920654300
Kentucky,2019,11,45,42.75358200073240
Kentucky,2019,11,46,34.61589813232420
Kentucky,2019,11,47,44.07122802734380
Kentucky,2019,12,48,46.159400939941400
Kentucky,2019,12,49,40.45348358154300
Kentucky,2019,12,50,39.899497985839800
Kentucky,2019,12,51,34.87797927856450
Kentucky,2019,12,52,50.90104293823240
Kentucky,2019,1,1,45.580474853515600
Kentucky,2020,1,1,43.235443115234400
Kentucky,2020,1,2,45.33916091918950
Kentucky,2020,1,3,41.8996696472168
Kentucky,2020,1,4,31.838830947876000
Kentucky,2020,2,5,38.01375198364260
Kentucky,2020,2,6,41.71592330932620
Kentucky,2020,2,7,36.787017822265600
Kentucky,2020,2,8,37.997161865234400
Kentucky,2020,3,9,38.76247024536130
Kentucky,2020,3,10,46.5207405090332
Kentucky,2020,3,11,50.49663543701170
Kentucky,2020,3,12,50.63682174682620
Kentucky,2020,3,13,57.7122917175293
Kentucky,2020,4,14,52.08135986328130
Kentucky,2020,4,15,56.605308532714800
Kentucky,2020,4,16,46.56803512573240
Kentucky,2020,4,17,54.6152458190918
Kentucky,2020,5,18,58.27396774291990
Kentucky,2020,5,19,53.17905807495120
Kentucky,2020,5,20,59.50114059448240
Kentucky,2020,5,21,64.61445617675780
Kentucky,2020,5,22,70.0928955078125
Kentucky,2020,6,23,72.82025146484380
Kentucky,2020,6,24,73.6983871459961
Kentucky,2020,6,25,71.8087387084961
Kentucky,2020,6,26,73.94612884521480
Kentucky,2020,7,27,77.55645751953130
Kentucky,2020,7,28,79.85814666748050
Kentucky,2020,7,29,79.64649963378910
Kentucky,2020,7,30,79.90319061279300
Kentucky,2020,8,31,76.75105285644530
Kentucky,2020,8,32,72.55235290527340
Kentucky,2020,8,33,76.7879638671875
Kentucky,2020,8,34,72.91676330566410
Kentucky,2020,8,35,77.19368743896480
Kentucky,2020,9,36,73.51063537597660
Kentucky,2020,9,37,75.28822326660160
Kentucky,2020,9,38,66.80661010742190
Kentucky,2020,9,39,64.62615203857420
Kentucky,2020,10,40,58.9440803527832
Kentucky,2020,10,41,62.91426467895510
Kentucky,2020,10,42,58.20618438720700
Kentucky,2020,10,43,60.70123291015630
Kentucky,2020,11,44,51.47722244262700
Kentucky,2020,11,45,52.44451141357420
Kentucky,2020,11,46,55.9886474609375
Kentucky,2020,11,47,48.487953186035200
Kentucky,2020,11,48,46.955413818359400
Kentucky,2020,12,49,36.2417106628418
Kentucky,2020,12,50,42.970619201660200
Kentucky,2020,12,51,35.031349182128900
Kentucky,2020,12,52,35.55501174926760
Kentucky,2020,1,53,39.047454833984400
Mississippi,2016,1,53,43.902809143066400
Mississippi,2016,1,1,45.752906799316400
Mississippi,2016,1,2,44.585113525390600
Mississippi,2016,1,3,40.120216369628900
Mississippi,2016,1,4,49.321372985839800
Mississippi,2016,2,5,51.602134704589800
Mississippi,2016,2,6,44.769630432128900
Mississippi,2016,2,7,55.65092849731450
Mississippi,2016,2,8,51.3534049987793
Mississippi,2016,3,9,55.89421844482420
Mississippi,2016,3,10,64.65032196044920
Mississippi,2016,3,11,62.99287033081060
Mississippi,2016,3,12,57.20329666137700
Mississippi,2016,4,13,61.58134841918950
Mississippi,2016,4,14,61.80431365966800
Mississippi,2016,4,15,63.6547966003418
Mississippi,2016,4,16,66.72431945800780
Mississippi,2016,5,17,71.94486236572270
Mississippi,2016,5,18,65.43376159667970
Mississippi,2016,5,19,71.71524810791020
Mississippi,2016,5,20,69.95216369628910
Mississippi,2016,5,21,75.65796661376950
Mississippi,2016,6,22,77.53453826904300
Mississippi,2016,6,23,79.39496612548830
Mississippi,2016,6,24,81.79646301269530
Mississippi,2016,6,25,82.94816589355470
Mississippi,2016,7,26,83.34059143066410
Mississippi,2016,7,27,85.15965270996090
Mississippi,2016,7,28,82.50920104980470
Mississippi,2016,7,29,84.6682357788086
Mississippi,2016,7,30,80.91437530517580
Mississippi,2016,8,31,84.13160705566410
Mississippi,2016,8,32,80.74666595458980
Mississippi,2016,8,33,79.49867248535160
Mississippi,2016,8,34,81.19770812988280
Mississippi,2016,9,35,82.50849151611330
Mississippi,2016,9,36,81.05093383789060
Mississippi,2016,9,37,80.23283386230470
Mississippi,2016,9,38,80.76803588867190
Mississippi,2016,10,39,73.60813903808590
Mississippi,2016,10,40,75.24822998046880
Mississippi,2016,10,41,72.16266632080080
Mississippi,2016,10,42,70.76273345947270
Mississippi,2016,10,43,69.90321350097660
Mississippi,2016,11,44,71.01272583007810
Mississippi,2016,11,45,60.91431427001950
Mississippi,2016,11,46,59.3483772277832
Mississippi,2016,11,47,54.181396484375
Mississippi,2016,12,48,55.40675735473630
Mississippi,2016,12,49,45.90578079223630
Mississippi,2016,12,50,52.88896560668950
Mississippi,2016,12,51,48.4661979675293
Mississippi,2016,1,52,58.2101936340332
Mississippi,2017,1,52,57.693450927734400
Mississippi,2017,1,1,44.76232147216800
Mississippi,2017,1,2,57.13721466064450
Mississippi,2017,1,3,62.98468780517580
Mississippi,2017,1,4,50.138648986816400
Mississippi,2017,2,5,51.87794876098630
Mississippi,2017,2,6,60.11132049560550
Mississippi,2017,2,7,55.16401290893560
Mississippi,2017,2,8,60.392791748046900
Mississippi,2017,3,9,58.42481231689450
Mississippi,2017,3,10,59.32788848876950
Mississippi,2017,3,11,51.33829879760740
Mississippi,2017,3,12,67.16751098632810
Mississippi,2017,4,13,68.13523864746090
Mississippi,2017,4,14,63.39288330078130
Mississippi,2017,4,15,69.10989379882810
Mississippi,2017,4,16,70.6553955078125
Mississippi,2017,4,17,70.29301452636720
Mississippi,2017,5,18,63.92423629760740
Mississippi,2017,5,19,70.8188705444336
Mississippi,2017,5,20,76.15669250488280
Mississippi,2017,5,21,71.53732299804690
Mississippi,2017,6,22,74.42145538330080
Mississippi,2017,6,23,73.53062438964840
Mississippi,2017,6,24,79.02198028564450
Mississippi,2017,6,25,77.3008041381836
Mississippi,2017,7,26,77.40885925292970
Mississippi,2017,7,27,81.01753234863280
Mississippi,2017,7,28,80.50123596191410
Mississippi,2017,7,29,82.99623107910160
Mississippi,2017,7,30,81.55323028564450
Mississippi,2017,8,31,79.5587158203125
Mississippi,2017,8,32,78.29973602294920
Mississippi,2017,8,33,80.94084930419920
Mississippi,2017,8,34,80.583740234375
Mississippi,2017,9,35,74.86041259765630
Mississippi,2017,9,36,72.34361267089840
Mississippi,2017,9,37,72.26934051513670
Mississippi,2017,9,38,79.24697875976560
Mississippi,2017,10,39,77.41133117675780
Mississippi,2017,10,40,75.50965118408200
Mississippi,2017,10,41,75.12480163574220
Mississippi,2017,10,42,66.50646209716800
Mississippi,2017,10,43,57.580787658691400
Mississippi,2017,11,44,64.85928344726560
Mississippi,2017,11,45,60.4412956237793
Mississippi,2017,11,46,59.22576904296880
Mississippi,2017,11,47,49.612510681152300
Mississippi,2017,12,48,56.99554443359380
Mississippi,2017,12,49,46.97386932373050
Mississippi,2017,12,50,46.39686965942380
Mississippi,2017,12,51,58.900848388671900
Mississippi,2017,12,52,38.286102294921900
Mississippi,2018,1,1,30.189123153686500
Mississippi,2018,1,2,46.311119079589800
Mississippi,2018,1,3,35.45849609375
Mississippi,2018,1,4,50.82029342651370
Mississippi,2018,2,5,46.41093063354490
Mississippi,2018,2,6,51.489471435546900
Mississippi,2018,2,7,57.07810592651370
Mississippi,2018,2,8,67.51467895507810
Mississippi,2018,3,9,59.571617126464800
Mississippi,2018,3,10,54.78125
Mississippi,2018,3,11,54.556907653808600
Mississippi,2018,3,12,59.17671585083010
Mississippi,2018,4,13,63.69989776611330
Mississippi,2018,4,14,58.23914337158200
Mississippi,2018,4,15,60.21113204956060
Mississippi,2018,4,16,59.06542205810550
Mississippi,2018,4,17,62.44481658935550
Mississippi,2018,5,18,69.90074157714840
Mississippi,2018,5,19,75.28585815429690
Mississippi,2018,5,20,78.35340881347660
Mississippi,2018,5,21,76.81251525878910
Mississippi,2018,6,22,80.38236236572270
Mississippi,2018,6,23,79.82431030273440
Mississippi,2018,6,24,80.2638168334961
Mississippi,2018,6,25,80.48673248291020
Mississippi,2018,7,26,84.0446548461914
Mississippi,2018,7,27,81.38667297363280
Mississippi,2018,7,28,82.40730285644530
Mississippi,2018,7,29,83.75939178466800
Mississippi,2018,7,30,82.50447845458980
Mississippi,2018,8,31,79.32542419433590
Mississippi,2018,8,32,81.80921173095700
Mississippi,2018,8,33,81.58937072753910
Mississippi,2018,8,34,79.9583969116211
Mississippi,2018,9,35,80.5241928100586
Mississippi,2018,9,36,79.19056701660160
Mississippi,2018,9,37,78.2170639038086
Mississippi,2018,9,38,81.28274536132810
Mississippi,2018,9,39,74.48210144042970
Mississippi,2018,10,40,78.40367126464840
Mississippi,2018,10,41,72.99009704589840
Mississippi,2018,10,42,65.11669158935550
Mississippi,2018,10,43,59.807823181152300
Mississippi,2018,11,44,64.21004486083980
Mississippi,2018,11,45,57.48273468017580
Mississippi,2018,11,46,45.381019592285200
Mississippi,2018,11,47,51.87212371826170
Mississippi,2018,12,48,53.96238327026370
Mississippi,2018,12,49,45.40046310424810
Mississippi,2018,12,50,47.81751251220700
Mississippi,2018,12,51,49.95621871948240
Mississippi,2018,12,52,52.960044860839800
Mississippi,2018,1,1,62.55698776245120
Mississippi,2019,1,1,50.93938446044920
Mississippi,2019,1,2,49.99027633666990
Mississippi,2019,1,3,47.404205322265600
Mississippi,2019,1,4,43.22698211669920
Mississippi,2019,2,5,46.24635696411130
Mississippi,2019,2,6,56.99999237060550
Mississippi,2019,2,7,56.22705078125
Mississippi,2019,2,8,55.076011657714800
Mississippi,2019,3,9,54.806846618652300
Mississippi,2019,3,10,48.3817138671875
Mississippi,2019,3,11,59.38408279418950
Mississippi,2019,3,12,54.377174377441400
Mississippi,2019,3,13,58.85432052612310
Mississippi,2019,4,14,58.8616828918457
Mississippi,2019,4,15,67.02210998535160
Mississippi,2019,4,16,60.63932418823240
Mississippi,2019,4,17,66.37055969238280
Mississippi,2019,5,18,71.77610778808590
Mississippi,2019,5,19,70.7237319946289
Mississippi,2019,5,20,71.92678833007810
Mississippi,2019,5,21,78.93985748291020
Mississippi,2019,6,22,80.61285400390630
Mississippi,2019,6,23,78.64152526855470
Mississippi,2019,6,24,76.03507232666020
Mississippi,2019,6,25,81.10334014892580
Mississippi,2019,6,26,79.71532440185550
Mississippi,2019,7,27,83.01441192626950
Mississippi,2019,7,28,83.04698181152340
Mississippi,2019,7,29,80.57676696777340
Mississippi,2019,7,30,77.62539672851560
Mississippi,2019,8,31,79.63551330566410
Mississippi,2019,8,32,82.23383331298830
Mississippi,2019,8,33,84.12858581542970
Mississippi,2019,8,34,81.05549621582030
Mississippi,2019,9,35,79.40507507324220
Mississippi,2019,9,36,83.82179260253910
Mississippi,2019,9,37,84.46553802490230
Mississippi,2019,9,38,82.97172546386720
Mississippi,2019,9,39,82.16532897949220
Mississippi,2019,10,40,83.59783935546880
Mississippi,2019,10,41,70.93186950683590
Mississippi,2019,10,42,64.04338073730470
Mississippi,2019,10,43,63.175628662109400
Mississippi,2019,11,44,55.6292839050293
Mississippi,2019,11,45,53.985511779785200
Mississippi,2019,11,46,43.26653289794920
Mississippi,2019,11,47,54.2352294921875
Mississippi,2019,12,48,58.022216796875
Mississippi,2019,12,49,50.099647521972700
Mississippi,2019,12,50,50.77239227294920
Mississippi,2019,12,51,47.01611328125
Mississippi,2019,12,52,59.03191375732420
Mississippi,2019,1,1,49.44354248046880
Mississippi,2020,1,1,52.371620178222700
Mississippi,2020,1,2,54.81706619262700
Mississippi,2020,1,3,59.079872131347700
Mississippi,2020,1,4,41.422149658203100
Mississippi,2020,2,5,49.277320861816400
Mississippi,2020,2,6,53.81884765625
Mississippi,2020,2,7,52.70807647705080
Mississippi,2020,2,8,49.54500198364260
Mississippi,2020,3,9,50.55475616455080
Mississippi,2020,3,10,56.8731575012207
Mississippi,2020,3,11,63.88600540161130
Mississippi,2020,3,12,64.81555938720700
Mississippi,2020,3,13,69.99665832519530
Mississippi,2020,4,14,62.78742599487310
Mississippi,2020,4,15,67.56241607666020
Mississippi,2020,4,16,59.00065994262700
Mississippi,2020,4,17,65.67578887939450
Mississippi,2020,5,18,65.87870788574220
Mississippi,2020,5,19,65.90672302246090
Mississippi,2020,5,20,69.5807113647461
Mississippi,2020,5,21,72.95857238769530
Mississippi,2020,5,22,74.39849090576170
Mississippi,2020,6,23,78.27408599853520
Mississippi,2020,6,24,77.11321258544920
Mississippi,2020,6,25,78.54852294921880
Mississippi,2020,6,26,77.37633514404300
Mississippi,2020,7,27,81.00264739990230
Mississippi,2020,7,28,80.97804260253910
Mississippi,2020,7,29,83.51214599609380
Mississippi,2020,7,30,82.21493530273440
Mississippi,2020,8,31,80.33704376220700
Mississippi,2020,8,32,80.91300201416020
Mississippi,2020,8,33,83.20101165771480
Mississippi,2020,8,34,79.39045715332030
Mississippi,2020,8,35,80.73068237304690
Mississippi,2020,9,36,81.83695220947270
Mississippi,2020,9,37,80.87416076660160
Mississippi,2020,9,38,77.08827209472660
Mississippi,2020,9,39,69.65860748291020
Mississippi,2020,10,40,65.3665771484375
Mississippi,2020,10,41,69.77423858642580
Mississippi,2020,10,42,66.40653991699220
Mississippi,2020,10,43,70.0137939453125
Mississippi,2020,11,44,61.19666290283200
Mississippi,2020,11,45,59.23955535888670
Mississippi,2020,11,46,66.41697692871090
Mississippi,2020,11,47,57.46482467651370
Mississippi,2020,11,48,57.816444396972700
Mississippi,2020,12,49,45.099273681640600
Mississippi,2020,12,50,52.153045654296900
Mississippi,2020,12,51,43.7718505859375
Mississippi,2020,12,52,46.09980010986330
Mississippi,2020,1,53,55.83088302612310
North Carolina,2016,1,53,45.3801383972168
North Carolina,2016,1,1,40.59306716918950
North Carolina,2016,1,2,39.45273971557620
North Carolina,2016,1,3,30.295856475830100
North Carolina,2016,1,4,41.47180938720700
North Carolina,2016,2,5,48.537498474121100
North Carolina,2016,2,6,32.166114807128900
North Carolina,2016,2,7,42.59043502807620
North Carolina,2016,2,8,47.33856201171880
North Carolina,2016,3,9,46.63120651245120
North Carolina,2016,3,10,59.31437301635740
North Carolina,2016,3,11,59.68494415283200
North Carolina,2016,3,12,55.06255340576170
North Carolina,2016,4,13,58.4813346862793
North Carolina,2016,4,14,50.77492141723630
North Carolina,2016,4,15,54.88062286376950
North Carolina,2016,4,16,63.965545654296900
North Carolina,2016,5,17,68.42808532714840
North Carolina,2016,5,18,63.049339294433600
North Carolina,2016,5,19,68.86753845214840
North Carolina,2016,5,20,62.371376037597700
North Carolina,2016,5,21,69.55632019042970
North Carolina,2016,6,22,74.39289093017580
North Carolina,2016,6,23,74.53312683105470
North Carolina,2016,6,24,77.6128158569336
North Carolina,2016,6,25,79.146728515625
North Carolina,2016,7,26,77.68132019042970
North Carolina,2016,7,27,81.01033782958980
North Carolina,2016,7,28,80.025634765625
North Carolina,2016,7,29,80.47904205322270
North Carolina,2016,7,30,83.22611999511720
North Carolina,2016,8,31,78.45716857910160
North Carolina,2016,8,32,79.50438690185550
North Carolina,2016,8,33,79.87715148925780
North Carolina,2016,8,34,78.17564392089840
North Carolina,2016,9,35,75.9395980834961
North Carolina,2016,9,36,77.24526977539060
North Carolina,2016,9,37,75.47075653076170
North Carolina,2016,9,38,73.95645904541020
North Carolina,2016,10,39,70.41105651855470
North Carolina,2016,10,40,67.29187774658200
North Carolina,2016,10,41,61.530372619628900
North Carolina,2016,10,42,64.91877746582030
North Carolina,2016,10,43,61.590576171875
North Carolina,2016,11,44,62.43806076049810
North Carolina,2016,11,45,52.45560836791990
North Carolina,2016,11,46,51.95067596435550
North Carolina,2016,11,47,48.58452224731450
North Carolina,2016,12,48,52.04505157470700
North Carolina,2016,12,49,42.05298614501950
North Carolina,2016,12,50,43.715545654296900
North Carolina,2016,12,51,43.797393798828100
North Carolina,2016,1,52,48.81935501098630
North Carolina,2017,1,52,44.56380081176760
North Carolina,2017,1,1,41.40275955200200
North Carolina,2017,1,2,45.248085021972700
North Carolina,2017,1,3,54.600250244140600
North Carolina,2017,1,4,46.97612380981450
North Carolina,2017,2,5,43.7564697265625
North Carolina,2017,2,6,50.706092834472700
North Carolina,2017,2,7,48.71135711669920
North Carolina,2017,2,8,56.30356979370120
North Carolina,2017,3,9,50.4735107421875
North Carolina,2017,3,10,51.221458435058600
North Carolina,2017,3,11,40.54890060424810
North Carolina,2017,3,12,53.94887161254880
North Carolina,2017,4,13,61.72334671020510
North Carolina,2017,4,14,57.557167053222700
North Carolina,2017,4,15,64.6346664428711
North Carolina,2017,4,16,66.68817901611330
North Carolina,2017,4,17,66.74745178222660
North Carolina,2017,5,18,63.684349060058600
North Carolina,2017,5,19,64.96025085449220
North Carolina,2017,5,20,73.83741760253910
North Carolina,2017,5,21,68.75382995605470
North Carolina,2017,6,22,73.49371337890630
North Carolina,2017,6,23,70.52915954589840
North Carolina,2017,6,24,76.76406860351560
North Carolina,2017,6,25,75.46751403808590
North Carolina,2017,7,26,73.8985595703125
North Carolina,2017,7,27,78.35450744628910
North Carolina,2017,7,28,79.61589813232420
North Carolina,2017,7,29,79.924560546875
North Carolina,2017,7,30,78.0867691040039
North Carolina,2017,8,31,75.52206420898440
North Carolina,2017,8,32,74.42650604248050
North Carolina,2017,8,33,78.80686950683590
North Carolina,2017,8,34,76.76000213623050
North Carolina,2017,9,35,71.07270812988280
North Carolina,2017,9,36,67.62080383300780
North Carolina,2017,9,37,68.69725036621090
North Carolina,2017,9,38,73.455810546875
North Carolina,2017,10,39,72.53388977050780
North Carolina,2017,10,40,67.8569564819336
North Carolina,2017,10,41,72.46923828125
North Carolina,2017,10,42,60.38532257080080
North Carolina,2017,10,43,57.84737014770510
North Carolina,2017,11,44,57.963714599609400
North Carolina,2017,11,45,53.0123405456543
North Carolina,2017,11,46,49.4122314453125
North Carolina,2017,11,47,46.982383728027300
North Carolina,2017,12,48,50.872589111328100
North Carolina,2017,12,49,44.65185546875
North Carolina,2017,12,50,38.64118194580080
North Carolina,2017,12,51,51.536216735839800
North Carolina,2017,12,52,34.82529830932620
North Carolina,2018,1,1,23.201818466186500
North Carolina,2018,1,2,42.7315559387207
North Carolina,2018,1,3,33.412513732910200
North Carolina,2018,1,4,46.247840881347700
North Carolina,2018,2,5,39.19170379638670
North Carolina,2018,2,6,47.311920166015600
North Carolina,2018,2,7,54.752464294433600
North Carolina,2018,2,8,62.561439514160200
North Carolina,2018,3,9,50.02202606201170
North Carolina,2018,3,10,43.73630905151370
North Carolina,2018,3,11,45.37744903564450
North Carolina,2018,3,12,45.93571853637700
North Carolina,2018,4,13,53.36296844482420
North Carolina,2018,4,14,55.36775588989260
North Carolina,2018,4,15,56.44023895263670
North Carolina,2018,4,16,54.91478729248050
North Carolina,2018,4,17,58.95759201049810
North Carolina,2018,5,18,65.32417297363280
North Carolina,2018,5,19,70.00819396972660
North Carolina,2018,5,20,72.25434875488280
North Carolina,2018,5,21,72.57426452636720
North Carolina,2018,6,22,73.79814147949220
North Carolina,2018,6,23,74.38031005859380
North Carolina,2018,6,24,75.92570495605470
North Carolina,2018,6,25,80.6054916381836
North Carolina,2018,7,26,78.3807601928711
North Carolina,2018,7,27,78.65629577636720
North Carolina,2018,7,28,77.88165283203130
North Carolina,2018,7,29,77.1658935546875
North Carolina,2018,7,30,76.0068359375
North Carolina,2018,8,31,74.94023132324220
North Carolina,2018,8,32,78.41783905029300
North Carolina,2018,8,33,76.99818420410160
North Carolina,2018,8,34,73.88191223144530
North Carolina,2018,9,35,78.46150970458980
North Carolina,2018,9,36,78.46134948730470
North Carolina,2018,9,37,75.60094451904300
North Carolina,2018,9,38,75.18862915039060
North Carolina,2018,9,39,72.58816528320310
North Carolina,2018,10,40,73.52117919921880
North Carolina,2018,10,41,68.40863800048830
North Carolina,2018,10,42,62.17988204956060
North Carolina,2018,10,43,51.86201858520510
North Carolina,2018,11,44,56.70841598510740
North Carolina,2018,11,45,55.77177810668950
North Carolina,2018,11,46,45.259620666503900
North Carolina,2018,11,47,46.1767578125
North Carolina,2018,12,48,45.65309524536130
North Carolina,2018,12,49,42.223548889160200
North Carolina,2018,12,50,41.9228515625
North Carolina,2018,12,51,46.44416427612310
North Carolina,2018,12,52,46.70042037963870
North Carolina,2018,1,1,53.94887161254880
North Carolina,2019,1,1,53.60346221923830
North Carolina,2019,1,2,42.438880920410200
North Carolina,2019,1,3,42.3128662109375
North Carolina,2019,1,4,37.6964111328125
North Carolina,2019,2,5,38.725502014160200
North Carolina,2019,2,6,52.52811813354490
North Carolina,2019,2,7,47.98307418823240
North Carolina,2019,2,8,46.96821212768560
North Carolina,2019,3,9,50.88774871826170
North Carolina,2019,3,10,42.76182174682620
North Carolina,2019,3,11,53.4761848449707
North Carolina,2019,3,12,46.801658630371100
North Carolina,2019,3,13,53.618568420410200
North Carolina,2019,4,14,52.55470657348630
North Carolina,2019,4,15,65.30802154541020
North Carolina,2019,4,16,59.573707580566400
North Carolina,2019,4,17,64.4632797241211
North Carolina,2019,5,18,70.33602142333980
North Carolina,2019,5,19,69.31083679199220
North Carolina,2019,5,20,68.10519409179690
North Carolina,2019,5,21,77.16561889648440
North Carolina,2019,6,22,79.5127944946289
North Carolina,2019,6,23,74.0306167602539
North Carolina,2019,6,24,70.00577545166020
North Carolina,2019,6,25,76.11631774902340
North Carolina,2019,6,26,78.73501586914060
North Carolina,2019,7,27,80.70755767822270
North Carolina,2019,7,28,78.89772033691410
North Carolina,2019,7,29,81.74378967285160
North Carolina,2019,7,30,75.63253021240230
North Carolina,2019,8,31,77.4891128540039
North Carolina,2019,8,32,78.9135971069336
North Carolina,2019,8,33,80.43470764160160
North Carolina,2019,8,34,77.70230102539060
North Carolina,2019,9,35,73.77726745605470
North Carolina,2019,9,36,77.38407897949220
North Carolina,2019,9,37,78.41438293457030
North Carolina,2019,9,38,72.76801300048830
North Carolina,2019,9,39,76.67672729492190
North Carolina,2019,10,40,77.0112075805664
North Carolina,2019,10,41,67.34010314941410
North Carolina,2019,10,42,60.257606506347700
North Carolina,2019,10,43,62.551109313964800
North Carolina,2019,11,44,58.78302001953130
North Carolina,2019,11,45,50.615455627441400
North Carolina,2019,11,46,43.23566436767580
North Carolina,2019,11,47,48.9112548828125
North Carolina,2019,12,48,50.04224395751950
North Carolina,2019,12,49,44.76012420654300
North Carolina,2019,12,50,46.669769287109400
North Carolina,2019,12,51,43.716094970703100
North Carolina,2019,12,52,51.54742431640630
North Carolina,2019,1,1,56.441612243652300
North Carolina,2020,1,1,48.60797882080080
North Carolina,2020,1,2,49.66651153564450
North Carolina,2020,1,3,53.92255783081060
North Carolina,2020,1,4,38.30719757080080
North Carolina,2020,2,5,42.25397872924810
North Carolina,2020,2,6,51.50776290893560
North Carolina,2020,2,7,49.49303436279300
North Carolina,2020,2,8,43.308998107910200
North Carolina,2020,3,9,44.78704071044920
North Carolina,2020,3,10,48.653297424316400
North Carolina,2020,3,11,57.270751953125
North Carolina,2020,3,12,58.8153190612793
North Carolina,2020,3,13,59.55695343017580
North Carolina,2020,4,14,55.845603942871100
North Carolina,2020,4,15,60.96281814575200
North Carolina,2020,4,16,56.784332275390600
North Carolina,2020,4,17,59.25471878051760
North Carolina,2020,5,18,60.36741256713870
North Carolina,2020,5,19,59.01499557495120
North Carolina,2020,5,20,63.10927200317380
North Carolina,2020,5,21,66.61325073242190
North Carolina,2020,5,22,70.58930969238280
North Carolina,2020,6,23,73.47410583496090
North Carolina,2020,6,24,74.67012786865230
North Carolina,2020,6,25,68.12232971191410
North Carolina,2020,6,26,75.87055206298830
North Carolina,2020,7,27,78.33401489257810
North Carolina,2020,7,28,77.86808776855470
North Carolina,2020,7,29,80.90756225585940
North Carolina,2020,7,30,80.57610321044920
North Carolina,2020,8,31,80.41262817382810
North Carolina,2020,8,32,77.32469940185550
North Carolina,2020,8,33,77.11969757080080
North Carolina,2020,8,34,74.41200256347660
North Carolina,2020,8,35,77.63539123535160
North Carolina,2020,9,36,77.80804443359380
North Carolina,2020,9,37,74.1580581665039
North Carolina,2020,9,38,68.60984802246090
North Carolina,2020,9,39,63.36997604370120
North Carolina,2020,10,40,62.83818435668950
North Carolina,2020,10,41,65.21968841552730
North Carolina,2020,10,42,62.975730895996100
North Carolina,2020,10,43,65.34564971923830
North Carolina,2020,11,44,61.933349609375
North Carolina,2020,11,45,54.891334533691400
North Carolina,2020,11,46,63.69264602661130
North Carolina,2020,11,47,49.639923095703100
North Carolina,2020,11,48,53.542816162109400
North Carolina,2020,12,49,44.376426696777300
North Carolina,2020,12,50,45.69610595703130
North Carolina,2020,12,51,41.69587326049810
North Carolina,2020,12,52,41.045867919921900
North Carolina,2020,1,53,43.1873779296875
South Carolina,2016,1,53,51.161529541015600
South Carolina,2016,1,1,44.03821563720700
South Carolina,2016,1,2,43.58359909057620
South Carolina,2016,1,3,36.305870056152300
South Carolina,2016,1,4,46.3403434753418
South Carolina,2016,2,5,52.13678741455080
South Carolina,2016,2,6,37.623626708984400
South Carolina,2016,2,7,47.938140869140600
South Carolina,2016,2,8,51.71875762939450
South Carolina,2016,3,9,51.2272834777832
South Carolina,2016,3,10,62.04804611206060
South Carolina,2016,3,11,64.86395263671880
South Carolina,2016,3,12,58.92792892456060
South Carolina,2016,4,13,62.47766876220700
South Carolina,2016,4,14,55.8907585144043
South Carolina,2016,4,15,58.809165954589800
South Carolina,2016,4,16,66.54046630859380
South Carolina,2016,5,17,72.3978271484375
South Carolina,2016,5,18,67.42481231689450
South Carolina,2016,5,19,73.8831787109375
South Carolina,2016,5,20,67.80548858642580
South Carolina,2016,5,21,72.01248168945310
South Carolina,2016,6,22,76.89662170410160
South Carolina,2016,6,23,77.35249328613280
South Carolina,2016,6,24,80.77462768554690
South Carolina,2016,6,25,81.93258666992190
South Carolina,2016,7,26,80.93167877197270
South Carolina,2016,7,27,85.42915344238280
South Carolina,2016,7,28,83.45848083496090
South Carolina,2016,7,29,82.52299499511720
South Carolina,2016,7,30,86.2779541015625
South Carolina,2016,8,31,80.75325775146480
South Carolina,2016,8,32,81.16876220703130
South Carolina,2016,8,33,82.5821533203125
South Carolina,2016,8,34,81.40216827392580
South Carolina,2016,9,35,77.81947326660160
South Carolina,2016,9,36,78.33148956298830
South Carolina,2016,9,37,76.68122863769530
South Carolina,2016,9,38,76.28616333007810
South Carolina,2016,10,39,74.04978942871090
South Carolina,2016,10,40,70.77476501464840
South Carolina,2016,10,41,64.27189636230470
South Carolina,2016,10,42,67.2452392578125
South Carolina,2016,10,43,65.02699279785160
South Carolina,2016,11,44,65.75582122802730
South Carolina,2016,11,45,55.94684600830080
South Carolina,2016,11,46,54.753456115722700
South Carolina,2016,11,47,53.746559143066400
South Carolina,2016,12,48,56.71445846557620
South Carolina,2016,12,49,47.49945831298830
South Carolina,2016,12,50,50.739707946777300
South Carolina,2016,12,51,48.60094451904300
South Carolina,2016,1,52,53.77924346923830
South Carolina,2017,1,52,48.77958297729490
South Carolina,2017,1,1,48.62654495239260
South Carolina,2017,1,2,50.09706497192380
South Carolina,2017,1,3,60.286720275878900
South Carolina,2017,1,4,50.93328857421880
South Carolina,2017,2,5,49.554725646972700
South Carolina,2017,2,6,54.301918029785200
South Carolina,2017,2,7,53.91547393798830
South Carolina,2017,2,8,60.262657165527300
South Carolina,2017,3,9,55.550071716308600
South Carolina,2017,3,10,56.725555419921900
South Carolina,2017,3,11,45.24121856689450
South Carolina,2017,3,12,59.458404541015600
South Carolina,2017,4,13,67.39476013183590
South Carolina,2017,4,14,61.54811477661130
South Carolina,2017,4,15,66.89515686035160
South Carolina,2017,4,16,71.19322967529300
South Carolina,2017,4,17,70.17237854003910
South Carolina,2017,5,18,67.08638000488280
South Carolina,2017,5,19,71.41070556640630
South Carolina,2017,5,20,76.92457580566410
South Carolina,2017,5,21,71.43800354003910
South Carolina,2017,6,22,77.07146453857420
South Carolina,2017,6,23,73.38115692138670
South Carolina,2017,6,24,79.04175567626950
South Carolina,2017,6,25,78.1120376586914
South Carolina,2017,7,26,77.00411987304690
South Carolina,2017,7,27,81.89363861083980
South Carolina,2017,7,28,81.37228393554690
South Carolina,2017,7,29,80.8309326171875
South Carolina,2017,7,30,80.18785095214840
South Carolina,2017,8,31,77.64759063720700
South Carolina,2017,8,32,77.69334411621090
South Carolina,2017,8,33,82.16522216796880
South Carolina,2017,8,34,80.06748962402340
South Carolina,2017,9,35,75.00318145751950
South Carolina,2017,9,36,71.55506896972660
South Carolina,2017,9,37,71.43619537353520
South Carolina,2017,9,38,75.75640106201170
South Carolina,2017,10,39,75.96563720703130
South Carolina,2017,10,40,71.70661926269530
South Carolina,2017,10,41,75.35606384277340
South Carolina,2017,10,42,63.8912239074707
South Carolina,2017,10,43,60.865257263183600
South Carolina,2017,11,44,61.010719299316400
South Carolina,2017,11,45,57.703834533691400
South Carolina,2017,11,46,52.9586181640625
South Carolina,2017,11,47,51.65849685668950
South Carolina,2017,12,48,56.190574645996100
South Carolina,2017,12,49,48.97887420654300
South Carolina,2017,12,50,43.46467208862310
South Carolina,2017,12,51,57.26597213745120
South Carolina,2017,12,52,40.132850646972700
South Carolina,2018,1,1,27.7181339263916
South Carolina,2018,1,2,47.662109375
South Carolina,2018,1,3,37.20241165161130
South Carolina,2018,1,4,50.40446090698240
South Carolina,2018,2,5,44.617027282714800
South Carolina,2018,2,6,53.27123260498050
South Carolina,2018,2,7,60.12186813354490
South Carolina,2018,2,8,65.9730224609375
South Carolina,2018,3,9,55.2755241394043
South Carolina,2018,3,10,48.745361328125
South Carolina,2018,3,11,50.99486541748050
South Carolina,2018,3,12,52.717689514160200
South Carolina,2018,4,13,57.526405334472700
South Carolina,2018,4,14,60.8995361328125
South Carolina,2018,4,15,59.817054748535200
South Carolina,2018,4,16,59.42500686645510
South Carolina,2018,4,17,62.79242706298830
South Carolina,2018,5,18,68.01246643066410
South Carolina,2018,5,19,74.36888122558590
South Carolina,2018,5,20,73.85588073730470
South Carolina,2018,5,21,73.66191101074220
South Carolina,2018,6,22,75.95701599121090
South Carolina,2018,6,23,77.4462661743164
South Carolina,2018,6,24,78.06996154785160
South Carolina,2018,6,25,83.29324340820310
South Carolina,2018,7,26,80.86537170410160
South Carolina,2018,7,27,80.25370788574220
South Carolina,2018,7,28,81.31916809082030
South Carolina,2018,7,29,79.25708770751950
South Carolina,2018,7,30,78.80587768554690
South Carolina,2018,8,31,76.90254974365230
South Carolina,2018,8,32,80.73540496826170
South Carolina,2018,8,33,79.89456939697270
South Carolina,2018,8,34,77.74311828613280
South Carolina,2018,9,35,80.81929016113280
South Carolina,2018,9,36,81.0833969116211
South Carolina,2018,9,37,79.26982879638670
South Carolina,2018,9,38,78.62762451171880
South Carolina,2018,9,39,76.75275421142580
South Carolina,2018,10,40,76.28951263427730
South Carolina,2018,10,41,72.08345031738280
South Carolina,2018,10,42,68.19061279296880
South Carolina,2018,10,43,56.705726623535200
South Carolina,2018,11,44,60.3534049987793
South Carolina,2018,11,45,61.35816192626950
South Carolina,2018,11,46,49.26336669921880
South Carolina,2018,11,47,50.565521240234400
South Carolina,2018,12,48,49.19519805908200
South Carolina,2018,12,49,45.88496017456060
South Carolina,2018,12,50,46.33512496948240
South Carolina,2018,12,51,49.426734924316400
South Carolina,2018,12,52,51.385101318359400
South Carolina,2018,1,1,59.44599151611330
South Carolina,2019,1,1,58.46892166137700
South Carolina,2019,1,2,46.9195442199707
South Carolina,2019,1,3,47.321807861328100
South Carolina,2019,1,4,42.742706298828100
South Carolina,2019,2,5,43.55591583251950
South Carolina,2019,2,6,56.10076141357420
South Carolina,2019,2,7,53.02195358276370
South Carolina,2019,2,8,53.88526153564450
South Carolina,2019,3,9,56.72764205932620
South Carolina,2019,3,10,48.94734573364260
South Carolina,2019,3,11,57.87214279174810
South Carolina,2019,3,12,50.99882125854490
South Carolina,2019,3,13,57.64543914794920
South Carolina,2019,4,14,56.4918212890625
South Carolina,2019,4,15,68.60380554199220
South Carolina,2019,4,16,61.985862731933600
South Carolina,2019,4,17,67.42524719238280
South Carolina,2019,5,18,73.4391098022461
South Carolina,2019,5,19,72.81404113769530
South Carolina,2019,5,20,71.97419738769530
South Carolina,2019,5,21,81.07422637939450
South Carolina,2019,6,22,83.99983215332030
South Carolina,2019,6,23,77.48455047607420
South Carolina,2019,6,24,72.76878356933590
South Carolina,2019,6,25,78.9634780883789
South Carolina,2019,6,26,80.78715515136720
South Carolina,2019,7,27,83.05274963378910
South Carolina,2019,7,28,80.56736755371090
South Carolina,2019,7,29,83.82844543457030
South Carolina,2019,7,30,78.84416198730470
South Carolina,2019,8,31,80.25991821289060
South Carolina,2019,8,32,82.0512924194336
South Carolina,2019,8,33,82.9565658569336
South Carolina,2019,8,34,79.50273895263670
South Carolina,2019,9,35,76.86382293701170
South Carolina,2019,9,36,80.28007507324220
South Carolina,2019,9,37,81.21974182128910
South Carolina,2019,9,38,75.87599182128910
South Carolina,2019,9,39,80.0552978515625
South Carolina,2019,10,40,80.24360656738280
South Carolina,2019,10,41,71.29606628417970
South Carolina,2019,10,42,64.69888305664060
South Carolina,2019,10,43,66.7159194946289
South Carolina,2019,11,44,62.13950729370120
South Carolina,2019,11,45,55.3876953125
South Carolina,2019,11,46,46.469871520996100
South Carolina,2019,11,47,52.48999786376950
South Carolina,2019,12,48,53.4893684387207
South Carolina,2019,12,49,48.48322677612310
South Carolina,2019,12,50,51.09259033203130
South Carolina,2019,12,51,47.3884391784668
South Carolina,2019,12,52,55.679161071777300
South Carolina,2019,1,1,58.8406982421875
South Carolina,2020,1,1,52.505653381347700
South Carolina,2020,1,2,53.65059280395510
South Carolina,2020,1,3,58.985939025878900
South Carolina,2020,1,4,42.04199981689450
South Carolina,2020,2,5,45.81036376953130
South Carolina,2020,2,6,53.7628173828125
South Carolina,2020,2,7,55.29711151123050
South Carolina,2020,2,8,46.9853515625
South Carolina,2020,3,9,48.87565994262700
South Carolina,2020,3,10,52.033348083496100
South Carolina,2020,3,11,60.86970901489260
South Carolina,2020,3,12,63.29560089111330
South Carolina,2020,3,13,63.986915588378900
South Carolina,2020,4,14,60.115936279296900
South Carolina,2020,4,15,65.451171875
South Carolina,2020,4,16,62.647789001464800
South Carolina,2020,4,17,63.6966552734375
South Carolina,2020,5,18,63.62914276123050
South Carolina,2020,5,19,64.88812255859380
South Carolina,2020,5,20,67.43733215332030
South Carolina,2020,5,21,71.77143859863280
South Carolina,2020,5,22,73.65076446533200
South Carolina,2020,6,23,75.7231674194336
South Carolina,2020,6,24,77.29542541503910
South Carolina,2020,6,25,71.56770324707030
South Carolina,2020,6,26,79.42638397216800
South Carolina,2020,7,27,81.73895263671880
South Carolina,2020,7,28,79.4398422241211
South Carolina,2020,7,29,83.68106079101560
South Carolina,2020,7,30,82.86499786376950
South Carolina,2020,8,31,82.84796905517580
South Carolina,2020,8,32,80.48316192626950
South Carolina,2020,8,33,79.41814422607420
South Carolina,2020,8,34,76.97440338134770
South Carolina,2020,8,35,79.2326431274414
South Carolina,2020,9,36,80.78945922851560
South Carolina,2020,9,37,76.7101821899414
South Carolina,2020,9,38,71.77567291259770
South Carolina,2020,9,39,66.81941223144530
South Carolina,2020,10,40,65.34608459472660
South Carolina,2020,10,41,69.17158508300780
South Carolina,2020,10,42,68.00472259521480
South Carolina,2020,10,43,68.98245239257810
South Carolina,2020,11,44,66.47679901123050
South Carolina,2020,11,45,59.03350830078130
South Carolina,2020,11,46,68.38424682617190
South Carolina,2020,11,47,53.89075469970700
South Carolina,2020,11,48,57.91910934448240
South Carolina,2020,12,49,47.44963455200200
South Carolina,2020,12,50,49.27781295776370
South Carolina,2020,12,51,46.06584930419920
South Carolina,2020,12,52,44.48590850830080
South Carolina,2020,1,53,47.53263473510740
Tennessee,2016,1,53,36.999053955078100
Tennessee,2016,1,1,38.25666046142580
Tennessee,2016,1,2,35.6529541015625
Tennessee,2016,1,3,27.13201332092290
Tennessee,2016,1,4,39.7419548034668
Tennessee,2016,2,5,45.39414596557620
Tennessee,2016,2,6,30.515911102294900
Tennessee,2016,2,7,43.94389724731450
Tennessee,2016,2,8,44.41059494018560
Tennessee,2016,3,9,44.91053009033200
Tennessee,2016,3,10,59.257850646972700
Tennessee,2016,3,11,55.966400146484400
Tennessee,2016,3,12,51.73413848876950
Tennessee,2016,4,13,54.70384979248050
Tennessee,2016,4,14,49.92924880981450
Tennessee,2016,4,15,56.70435333251950
Tennessee,2016,4,16,63.096031188964800
Tennessee,2016,5,17,67.84883117675780
Tennessee,2016,5,18,60.13153839111330
Tennessee,2016,5,19,65.7908706665039
Tennessee,2016,5,20,60.77269744873050
Tennessee,2016,5,21,71.14488983154300
Tennessee,2016,6,22,73.95310974121090
Tennessee,2016,6,23,74.19563293457030
Tennessee,2016,6,24,79.32877349853520
Tennessee,2016,6,25,80.49519348144530
Tennessee,2016,7,26,77.87895965576170
Tennessee,2016,7,27,79.18754577636720
Tennessee,2016,7,28,79.02110290527340
Tennessee,2016,7,29,81.73675537109380
Tennessee,2016,7,30,79.48115539550780
Tennessee,2016,8,31,78.92799377441410
Tennessee,2016,8,32,79.37046813964840
Tennessee,2016,8,33,76.24424743652340
Tennessee,2016,8,34,76.89282989501950
Tennessee,2016,9,35,76.5091323852539
Tennessee,2016,9,36,78.23074340820310
Tennessee,2016,9,37,76.30033874511720
Tennessee,2016,9,38,75.705810546875
Tennessee,2016,10,39,66.23762512207030
Tennessee,2016,10,40,68.17792510986330
Tennessee,2016,10,41,65.03012084960940
Tennessee,2016,10,42,65.23594665527340
Tennessee,2016,10,43,64.01921081542970
Tennessee,2016,11,44,65.14729309082030
Tennessee,2016,11,45,54.07532501220700
Tennessee,2016,11,46,53.34923553466800
Tennessee,2016,11,47,46.5207405090332
Tennessee,2016,12,48,47.90556716918950
Tennessee,2016,12,49,38.26945877075200
Tennessee,2016,12,50,39.53382110595700
Tennessee,2016,12,51,40.3255500793457
Tennessee,2016,1,52,47.53241729736330
Tennessee,2017,1,52,44.506561279296900
Tennessee,2017,1,1,35.68113327026370
Tennessee,2017,1,2,46.594459533691400
Tennessee,2017,1,3,54.5075798034668
Tennessee,2017,1,4,43.29114532470700
Tennessee,2017,2,5,41.030433654785200
Tennessee,2017,2,6,49.87107467651370
Tennessee,2017,2,7,45.79338836669920
Tennessee,2017,2,8,54.81146240234380
Tennessee,2017,3,9,48.62215042114260
Tennessee,2017,3,10,49.33049392700200
Tennessee,2017,3,11,39.871925354003900
Tennessee,2017,3,12,56.387123107910200
Tennessee,2017,4,13,59.59727096557620
Tennessee,2017,4,14,56.01128005981450
Tennessee,2017,4,15,64.68037414550780
Tennessee,2017,4,16,64.11161041259770
Tennessee,2017,4,17,65.37849426269530
Tennessee,2017,5,18,58.8010368347168
Tennessee,2017,5,19,65.50885009765630
Tennessee,2017,5,20,72.4074935913086
Tennessee,2017,5,21,65.94473266601560
Tennessee,2017,6,22,71.4000473022461
Tennessee,2017,6,23,69.2060775756836
Tennessee,2017,6,24,76.89178466796880
Tennessee,2017,6,25,73.64395141601560
Tennessee,2017,7,26,72.79487609863280
Tennessee,2017,7,27,75.13484954833980
Tennessee,2017,7,28,77.90400695800780
Tennessee,2017,7,29,80.92530822753910
Tennessee,2017,7,30,78.00162506103520
Tennessee,2017,8,31,74.2042007446289
Tennessee,2017,8,32,73.44575500488280
Tennessee,2017,8,33,76.58416748046880
Tennessee,2017,8,34,74.73165130615230
Tennessee,2017,9,35,69.75369262695310
Tennessee,2017,9,36,65.60069274902340
Tennessee,2017,9,37,65.93946075439450
Tennessee,2017,9,38,74.0251235961914
Tennessee,2017,10,39,70.79508972167970
Tennessee,2017,10,40,68.80732727050780
Tennessee,2017,10,41,69.45618438720700
Tennessee,2017,10,42,59.14925003051760
Tennessee,2017,10,43,51.91046905517580
Tennessee,2017,11,44,56.58696365356450
Tennessee,2017,11,45,51.76259231567380
Tennessee,2017,11,46,48.72783660888670
Tennessee,2017,11,47,43.3621711730957
Tennessee,2017,12,48,49.4373893737793
Tennessee,2017,12,49,40.579551696777300
Tennessee,2017,12,50,36.93181610107420
Tennessee,2017,12,51,48.69037628173830
Tennessee,2017,12,52,29.39404296875
Tennessee,2018,1,1,21.19269371032720
Tennessee,2018,1,2,38.013145446777300
Tennessee,2018,1,3,29.071704864502000
Tennessee,2018,1,4,43.72081756591800
Tennessee,2018,2,5,36.21616744995120
Tennessee,2018,2,6,40.16872024536130
Tennessee,2018,2,7,49.22052001953130
Tennessee,2018,2,8,60.76270294189450
Tennessee,2018,3,9,48.86549758911130
Tennessee,2018,3,10,44.24684524536130
Tennessee,2018,3,11,45.770263671875
Tennessee,2018,3,12,46.52068328857420
Tennessee,2018,4,13,53.838623046875
Tennessee,2018,4,14,48.791282653808600
Tennessee,2018,4,15,54.521644592285200
Tennessee,2018,4,16,51.04298782348630
Tennessee,2018,4,17,55.71195602416990
Tennessee,2018,5,18,64.55062103271480
Tennessee,2018,5,19,69.52116394042970
Tennessee,2018,5,20,72.36228942871090
Tennessee,2018,5,21,73.16340637207030
Tennessee,2018,6,22,73.4725112915039
Tennessee,2018,6,23,74.12065124511720
Tennessee,2018,6,24,77.41138458251950
Tennessee,2018,6,25,76.74610900878910
Tennessee,2018,7,26,77.60265350341800
Tennessee,2018,7,27,78.82966613769530
Tennessee,2018,7,28,79.51856231689450
Tennessee,2018,7,29,77.84770202636720
Tennessee,2018,7,30,75.27102661132810
Tennessee,2018,8,31,75.03086853027340
Tennessee,2018,8,32,76.9549560546875
Tennessee,2018,8,33,76.50237274169920
Tennessee,2018,8,34,73.70487213134770
Tennessee,2018,9,35,77.85105895996090
Tennessee,2018,9,36,77.53003692626950
Tennessee,2018,9,37,73.41373443603520
Tennessee,2018,9,38,75.32777404785160
Tennessee,2018,9,39,68.8874740600586
Tennessee,2018,10,40,73.84538269042970
Tennessee,2018,10,41,65.82624816894530
Tennessee,2018,10,42,55.754417419433600
Tennessee,2018,10,43,51.30577850341800
Tennessee,2018,11,44,54.821022033691400
Tennessee,2018,11,45,49.142189025878900
Tennessee,2018,11,46,40.410858154296900
Tennessee,2018,11,47,45.18079376220700
Tennessee,2018,12,48,43.95790481567380
Tennessee,2018,12,49,37.532440185546900
Tennessee,2018,12,50,41.31294631958010
Tennessee,2018,12,51,42.34873580932620
Tennessee,2018,12,52,43.66083526611330
Tennessee,2018,1,1,54.32932662963870
Tennessee,2019,1,1,46.64977264404300
Tennessee,2019,1,2,41.91532516479490
Tennessee,2019,1,3,39.31101608276370
Tennessee,2019,1,4,33.82658767700200
Tennessee,2019,2,5,36.34465408325200
Tennessee,2019,2,6,49.3046760559082
Tennessee,2019,2,7,45.3814582824707
Tennessee,2019,2,8,45.05411911010740
Tennessee,2019,3,9,45.58745193481450
Tennessee,2019,3,10,38.2719841003418
Tennessee,2019,3,11,51.042274475097700
Tennessee,2019,3,12,45.84107208251950
Tennessee,2019,3,13,52.209129333496100
Tennessee,2019,4,14,52.71653366088870
Tennessee,2019,4,15,63.268516540527300
Tennessee,2019,4,16,55.4734992980957
Tennessee,2019,4,17,62.6255989074707
Tennessee,2019,5,18,67.55313110351560
Tennessee,2019,5,19,66.06272888183590
Tennessee,2019,5,20,65.30241394042970
Tennessee,2019,5,21,75.53981018066410
Tennessee,2019,6,22,76.13257598876950
Tennessee,2019,6,23,72.54608917236330
Tennessee,2019,6,24,69.22113037109380
Tennessee,2019,6,25,74.71522521972660
Tennessee,2019,6,26,76.21925354003910
Tennessee,2019,7,27,78.97566986083980
Tennessee,2019,7,28,79.45050048828130
Tennessee,2019,7,29,77.58189392089840
Tennessee,2019,7,30,73.27733612060550
Tennessee,2019,8,31,76.14433288574220
Tennessee,2019,8,32,77.6734619140625
Tennessee,2019,8,33,80.38878631591800
Tennessee,2019,8,34,78.35428619384770
Tennessee,2019,9,35,73.20592498779300
Tennessee,2019,9,36,77.10953521728520
Tennessee,2019,9,37,79.99311828613280
Tennessee,2019,9,38,77.66944885253910
Tennessee,2019,9,39,75.69015502929690
Tennessee,2019,10,40,77.84336853027340
Tennessee,2019,10,41,63.294830322265600
Tennessee,2019,10,42,57.2420768737793
Tennessee,2019,10,43,58.29077911376950
Tennessee,2019,11,44,51.35664749145510
Tennessee,2019,11,45,46.0450325012207
Tennessee,2019,11,46,38.093841552734400
Tennessee,2019,11,47,47.1182861328125
Tennessee,2019,12,48,49.07764434814450
Tennessee,2019,12,49,42.79686737060550
Tennessee,2019,12,50,43.15018844604490
Tennessee,2019,12,51,40.4694709777832
Tennessee,2019,12,52,52.92236328125
Tennessee,2019,1,1,47.59663009643560
Tennessee,2020,1,1,44.445587158203100
Tennessee,2020,1,2,47.9146842956543
Tennessee,2020,1,3,48.64165115356450
Tennessee,2020,1,4,33.620208740234400
Tennessee,2020,2,5,41.82880783081060
Tennessee,2020,2,6,46.29667282104490
Tennessee,2020,2,7,42.2338752746582
Tennessee,2020,2,8,41.474281311035200
Tennessee,2020,3,9,41.377655029296900
Tennessee,2020,3,10,48.39670944213870
Tennessee,2020,3,11,54.2659912109375
Tennessee,2020,3,12,55.006195068359400
Tennessee,2020,3,13,60.384552001953100
Tennessee,2020,4,14,53.964195251464800
Tennessee,2020,4,15,58.503692626953100
Tennessee,2020,4,16,50.15858840942380
Tennessee,2020,4,17,56.61272430419920
Tennessee,2020,5,18,58.93732452392580
Tennessee,2020,5,19,56.4545783996582
Tennessee,2020,5,20,61.47175979614260
Tennessee,2020,5,21,65.38492584228520
Tennessee,2020,5,22,69.69700622558590
Tennessee,2020,6,23,73.39384460449220
Tennessee,2020,6,24,74.36663055419920
Tennessee,2020,6,25,71.23976135253910
Tennessee,2020,6,26,73.84049987792970
Tennessee,2020,7,27,77.23213958740230
Tennessee,2020,7,28,78.40773010253910
Tennessee,2020,7,29,80.31452178955080
Tennessee,2020,7,30,79.7639389038086
Tennessee,2020,8,31,77.23076629638670
Tennessee,2020,8,32,74.96604919433590
Tennessee,2020,8,33,77.20989227294920
Tennessee,2020,8,34,73.33183288574220
Tennessee,2020,8,35,76.19612884521480
Tennessee,2020,9,36,74.71369171142580
Tennessee,2020,9,37,74.89908599853520
Tennessee,2020,9,38,69.25606536865230
Tennessee,2020,9,39,63.52894973754880
Tennessee,2020,10,40,59.564918518066400
Tennessee,2020,10,41,63.32712936401370
Tennessee,2020,10,42,59.47625732421880
Tennessee,2020,10,43,63.69281005859380
Tennessee,2020,11,44,56.71204376220700
Tennessee,2020,11,45,53.1356086730957
Tennessee,2020,11,46,59.547996520996100
Tennessee,2020,11,47,49.579444885253900
Tennessee,2020,11,48,49.10060501098630
Tennessee,2020,12,49,38.30060577392580
Tennessee,2020,12,50,44.59214401245120
Tennessee,2020,12,51,37.202796936035200
Tennessee,2020,12,52,38.0194091796875
Tennessee,2020,1,53,43.497962951660200